Account,Date,Tweet Text,Compound,Positive,Neutral,Negative
@BBC,2018-03-20 19:48:04+00:00,"This #WorldFrogDay, why not try making an origami jumping frog with @BBCTaster's step-by-step tutorial? üê∏‚Ä¶ https://t.co/jjMqUND883",0.0,0.0,1.0,0.0
@BBC,2018-03-20 19:03:04+00:00,"Michael Portillo travels across India guided by Bradshaw's 1913 Handbook of Indian, Foreign and Colonial Travel. üáÆüá≥‚Ä¶ https://t.co/4WG0esDk8m",0.0,0.0,1.0,0.0
@BBC,2018-03-20 18:33:01+00:00,"Can you watch this without laughing? üòπüîä You'll want your sound on for this! #InternationalDayOfHappiness

https://t.co/vA5yr0PCC5",-0.3859,0.071,0.768,0.16
@BBC,2018-03-20 17:33:03+00:00,"Professor Stephen Hawking's funeral will take place in Cambridge - ""the city that he loved so much and which loved‚Ä¶ https://t.co/LHh0Nfeh6U",0.34,0.16,0.738,0.102
@BBC,2018-03-20 17:03:01+00:00,"Un-bee-lievable! üêùüòç Meet the woman who kept a bee as a pet. 
https://t.co/5zRxWpSGOH",0.0,0.0,1.0,0.0
@BBC,2018-03-20 16:05:04+00:00,"Arise, Sir Ringo! üéñüé∂@thebeatles drummer @ringostarrmusic has been knighted for his services to music.‚Ä¶ https://t.co/OQLixgO2Zi",0.0,0.0,1.0,0.0
@BBC,2018-03-20 15:33:03+00:00,The first polar bear cub to be born in the UK for 25 years has emerged from his den at Scotland's Highland Wildlife‚Ä¶ https://t.co/WZLoy2mz7y,0.0,0.0,1.0,0.0
@BBC,2018-03-20 15:03:02+00:00,"'Everybody has a voice'. ‚ù§Ô∏èÔ∏èüé∂

Rugby legends JPR Williams and JJ Williams visit @FMNChorus and the BBC National Cho‚Ä¶ https://t.co/myuIpumZnL",0.4084,0.132,0.868,0.0
@BBC,2018-03-20 14:24:06+00:00,üì∏The best pictures from the 2018 Paralympic Winter Games in Pyeongchang: https://t.co/w8dYDPHkAw https://t.co/0SVnupv9rB,0.6369,0.259,0.741,0.0
@BBC,2018-03-20 14:03:04+00:00,Prince Harry and Meghan Markle have chosen an organic lemon and elderflower cake for their wedding in May. üç∞üçãüíç‚Ä¶ https://t.co/H7dWlxmYcR,0.0,0.0,1.0,0.0
@BBC,2018-03-20 13:16:25+00:00,"RT @BBCWalesNews: üéüüéûüçøCinema makes maths class an offer they can't refuse
Full story: https://t.co/Uwg6NTRFVF https://t.co/hr4dglHIu3",0.2235,0.119,0.881,0.0
@BBC,2018-03-20 13:02:01+00:00,"People always have an opinion. üôÑüòÇ Here's why @AlanCarr doesn't trust TripAdvisor reviews. #LiveAtTheApollo 

https://t.co/PvF6K9hYMI",-0.4023,0.0,0.838,0.162
@BBC,2018-03-20 11:03:23+00:00,"From a spot of spring cleaning to rolling cheese down a hill... üï∏üßÄüå±

Here are nine ways to celebrate spring!‚Ä¶ https://t.co/ujBmBsHast",0.6114,0.182,0.818,0.0
@BBC,2018-03-20 10:30:04+00:00,"Sudan, the world's last surviving male northern white rhino has died after months of ill health. üíîü¶è‚Ä¶ https://t.co/BnYne3cI2L",-0.6369,0.093,0.636,0.271
@BBC,2018-03-20 10:04:02+00:00,"This #InternationalDayOfHappiness, let's all try to be a little more like @chessmartinez. üòäüëè#LiveAtTheApollo 

https://t.co/VddL8zWJfS",0.3642,0.173,0.827,0.0
@BBC,2018-03-20 09:49:33+00:00,"RT @BBCOne: They've finally quacked the case.

https://t.co/eq4dLcauhe",0.0,0.0,1.0,0.0
@BBC,2018-03-20 09:49:23+00:00,"RT @BBCEarth: Sudan‚Äôs death leaves just two females of the subspecies alive in the world 
https://t.co/kCpRCxFaFY",-0.3182,0.127,0.683,0.19
@BBC,2018-03-20 09:49:10+00:00,RT @bbcthree: RuPaul is the first drag queen to get a Hollywood star. Sissy that Walk of Fame.  https://t.co/SmqOPQizh3 https://t.co/hWb1Xm‚Ä¶,0.25,0.133,0.78,0.087
@BBC,2018-03-20 09:49:02+00:00,"RT @BBCBreakfast: ‚ùÑÔ∏è‚ùÑÔ∏èBBRRR....Could it be the coldest day yet for the Spring Equinox?
Let us know what temp it is where you are today.  #S‚Ä¶",0.0,0.0,1.0,0.0
@BBC,2018-03-20 09:32:02+00:00,"Meet Bumblebee and Gnat, two adorable badger cubs being raised at an animal sanctuary. üòç
https://t.co/Ihami0VtL0",0.4939,0.186,0.814,0.0
@BBC,2018-03-20 19:48:04+00:00,"This #WorldFrogDay, why not try making an origami jumping frog with @BBCTaster's step-by-step tutorial? üê∏‚Ä¶ https://t.co/jjMqUND883",0.0,0.0,1.0,0.0
@BBC,2018-03-20 19:03:04+00:00,"Michael Portillo travels across India guided by Bradshaw's 1913 Handbook of Indian, Foreign and Colonial Travel. üáÆüá≥‚Ä¶ https://t.co/4WG0esDk8m",0.0,0.0,1.0,0.0
@BBC,2018-03-20 18:33:01+00:00,"Can you watch this without laughing? üòπüîä You'll want your sound on for this! #InternationalDayOfHappiness

https://t.co/vA5yr0PCC5",-0.3859,0.071,0.768,0.16
@BBC,2018-03-20 17:33:03+00:00,"Professor Stephen Hawking's funeral will take place in Cambridge - ""the city that he loved so much and which loved‚Ä¶ https://t.co/LHh0Nfeh6U",0.34,0.16,0.738,0.102
@BBC,2018-03-20 17:03:01+00:00,"Un-bee-lievable! üêùüòç Meet the woman who kept a bee as a pet. 
https://t.co/5zRxWpSGOH",0.0,0.0,1.0,0.0
@BBC,2018-03-20 16:05:04+00:00,"Arise, Sir Ringo! üéñüé∂@thebeatles drummer @ringostarrmusic has been knighted for his services to music.‚Ä¶ https://t.co/OQLixgO2Zi",0.0,0.0,1.0,0.0
@BBC,2018-03-20 15:33:03+00:00,The first polar bear cub to be born in the UK for 25 years has emerged from his den at Scotland's Highland Wildlife‚Ä¶ https://t.co/WZLoy2mz7y,0.0,0.0,1.0,0.0
@BBC,2018-03-20 15:03:02+00:00,"'Everybody has a voice'. ‚ù§Ô∏èÔ∏èüé∂

Rugby legends JPR Williams and JJ Williams visit @FMNChorus and the BBC National Cho‚Ä¶ https://t.co/myuIpumZnL",0.4084,0.132,0.868,0.0
@BBC,2018-03-20 14:24:06+00:00,üì∏The best pictures from the 2018 Paralympic Winter Games in Pyeongchang: https://t.co/w8dYDPHkAw https://t.co/0SVnupv9rB,0.6369,0.259,0.741,0.0
@BBC,2018-03-20 14:03:04+00:00,Prince Harry and Meghan Markle have chosen an organic lemon and elderflower cake for their wedding in May. üç∞üçãüíç‚Ä¶ https://t.co/H7dWlxmYcR,0.0,0.0,1.0,0.0
@BBC,2018-03-20 13:16:25+00:00,"RT @BBCWalesNews: üéüüéûüçøCinema makes maths class an offer they can't refuse
Full story: https://t.co/Uwg6NTRFVF https://t.co/hr4dglHIu3",0.2235,0.119,0.881,0.0
@BBC,2018-03-20 13:02:01+00:00,"People always have an opinion. üôÑüòÇ Here's why @AlanCarr doesn't trust TripAdvisor reviews. #LiveAtTheApollo 

https://t.co/PvF6K9hYMI",-0.4023,0.0,0.838,0.162
@BBC,2018-03-20 11:03:23+00:00,"From a spot of spring cleaning to rolling cheese down a hill... üï∏üßÄüå±

Here are nine ways to celebrate spring!‚Ä¶ https://t.co/ujBmBsHast",0.6114,0.182,0.818,0.0
@BBC,2018-03-20 10:30:04+00:00,"Sudan, the world's last surviving male northern white rhino has died after months of ill health. üíîü¶è‚Ä¶ https://t.co/BnYne3cI2L",-0.6369,0.093,0.636,0.271
@BBC,2018-03-20 10:04:02+00:00,"This #InternationalDayOfHappiness, let's all try to be a little more like @chessmartinez. üòäüëè#LiveAtTheApollo 

https://t.co/VddL8zWJfS",0.3642,0.173,0.827,0.0
@BBC,2018-03-20 09:49:33+00:00,"RT @BBCOne: They've finally quacked the case.

https://t.co/eq4dLcauhe",0.0,0.0,1.0,0.0
@BBC,2018-03-20 09:49:23+00:00,"RT @BBCEarth: Sudan‚Äôs death leaves just two females of the subspecies alive in the world 
https://t.co/kCpRCxFaFY",-0.3182,0.127,0.683,0.19
@BBC,2018-03-20 09:49:10+00:00,RT @bbcthree: RuPaul is the first drag queen to get a Hollywood star. Sissy that Walk of Fame.  https://t.co/SmqOPQizh3 https://t.co/hWb1Xm‚Ä¶,0.25,0.133,0.78,0.087
@BBC,2018-03-20 09:49:02+00:00,"RT @BBCBreakfast: ‚ùÑÔ∏è‚ùÑÔ∏èBBRRR....Could it be the coldest day yet for the Spring Equinox?
Let us know what temp it is where you are today.  #S‚Ä¶",0.0,0.0,1.0,0.0
@BBC,2018-03-20 09:32:02+00:00,"Meet Bumblebee and Gnat, two adorable badger cubs being raised at an animal sanctuary. üòç
https://t.co/Ihami0VtL0",0.4939,0.186,0.814,0.0
@BBC,2018-03-20 09:03:04+00:00,Spring is here! But what is the #SpringEquinox? üå∫üåªüå∏üå±https://t.co/RiWP3PC7Yo https://t.co/FIKocYFP6C,0.0,0.0,1.0,0.0
@BBC,2018-03-20 08:25:06+00:00,Five times Beyonce and Jay-Z‚Äôs daughter Blue Ivy outshone her parents. ‚≠êÔ∏è https://t.co/JaNAzsofOm https://t.co/DnoyApY0yL,0.0,0.0,1.0,0.0
@BBC,2018-03-20 08:03:03+00:00,Traditional Highland Games sports such as tossing the caber and tug-of-war are to be taught in PE lessons. üèÜ‚Ä¶ https://t.co/jv5wlpmlyT,0.0,0.0,1.0,0.0
@BBC,2018-03-19 19:33:04+00:00,"Follow the dramatic and deadly series of events that took place at two funerals in Belfast in March 1988. 

The Fun‚Ä¶ https://t.co/y3MZaR8hsi",-0.3818,0.0,0.89,0.11
@BBC,2018-03-19 18:33:05+00:00,"Leonardo DiCaprio stars in the true story of a con man who cashed fake cheques worth millions. 

Catch Me If You Ca‚Ä¶ https://t.co/HWShPj9ngi",0.1531,0.175,0.709,0.116
@BBC,2018-03-19 18:03:01+00:00,"üòÇüì∏ @AlanCarr learned the hard way that you only get one shot at a school photo. #LiveAtTheApollo 

https://t.co/fv5JmcRgz4",-0.1027,0.0,0.92,0.08
@BBC,2018-03-19 17:30:08+00:00,üé§Pop band @FifthHarmony have announced they're taking a break to pursue solo careers üé∂https://t.co/tLOR7h1gZy https://t.co/5c77Cfjfp6,0.0,0.0,1.0,0.0
@BBC,2018-03-19 17:00:05+00:00,"Murder. Innocence. Lies. 

@AgathaChristie classic, #OrdealByInnocence, comes to @BBCOne soon.
https://t.co/qfJThHowXC",-0.7096,0.144,0.442,0.414
@BBC,2018-03-19 16:33:29+00:00,Here are the latest snow scenes from around the UK. ‚ùÑÔ∏èüì∏ https://t.co/eTBGkQ4MPU https://t.co/txRHxkOn5C,0.0,0.0,1.0,0.0
@BBC,2018-03-19 15:02:02+00:00,'Flabbergasted'. üé∂This is the incredible moment when eight London teenagers heard a live opera singer for the first‚Ä¶ https://t.co/jNki4Z61SE,0.0,0.0,1.0,0.0
@BBC,2018-03-19 14:30:08+00:00,"Meet the dancing slum kids tipped for stardom by Rihanna üé∂
https://t.co/R61fzQGIzd https://t.co/wGcvBKmdaZ",0.0,0.0,1.0,0.0
@BBC,2018-03-19 13:44:55+00:00,"RT @bbcgetinspired: The Nation's Billion Steps Challenge is here! üôå 

Yesterday we did an amazing 431 million steps ‚Äì can we do even better‚Ä¶",0.6588,0.212,0.788,0.0
@BBC,2018-03-19 13:03:04+00:00,"üí≠ ""There's always that voice in the back of your head that says you're not good enough"". 

 üí™ @CarrieHFletcher on b‚Ä¶ https://t.co/0AsBxFFiQA",-0.3412,0.0,0.888,0.112
@BBC,2018-03-19 12:55:17+00:00,RT @BBCRadioScot: This must have been some buzz! üêùüêùüêù https://t.co/0gqtbQBN1i,0.0,0.0,1.0,0.0
@BBC,2018-03-19 12:30:05+00:00,Where are the UK's youngest and oldest city populations? https://t.co/eIU7UzqHBS https://t.co/vdXMTDluuX,0.0,0.0,1.0,0.0
@BBC,2018-03-19 11:50:58+00:00,RT @BBCSport: This 102-shot badminton rally will leave you exhausted... https://t.co/LFC4r4iwiz,-0.0516,0.0,0.893,0.107
@BBC,2018-03-19 11:33:04+00:00,"Have you got a passion for plants? üåøüå∏üå±üçÉüå∑

Test your knowledge of all things foliage in this quiz. üëâ‚Ä¶ https://t.co/evogV5ljAc",0.4588,0.143,0.857,0.0
@BBC,2018-03-19 10:53:19+00:00,"RT @BBCSport: üéâ The Commonwealth Games are almost upon us! üéâ

Scotland's Lynsey Sharp has given us the inside track on preparing for succes‚Ä¶",0.0,0.0,1.0,0.0
@BBC,2018-03-19 10:33:03+00:00,The oldest dog that the Dogs Trust has ever looked after has been given a new home. ‚ù§Ô∏èÔ∏èüê∂https://t.co/h0WQHkfMEf https://t.co/ixb7gesOIj,0.5106,0.163,0.837,0.0
@BBC,2018-03-19 09:58:24+00:00,"RT @BBCR1: Desperately searching for any signs of spring like... üå∏

#MondayMotivation https://t.co/9jo3h4C7bu",-0.3818,0.0,0.809,0.191
@BBC,2018-03-19 09:58:15+00:00,"RT @BBCRadioWales: ‚ùÑÔ∏è Snowy Cardiff! ‚õÑÔ∏è 

What‚Äôs it like for you?

#ButePark 
#Cardiff 
#MiniBeast
#Snow https://t.co/O8gY1qjHVE",0.4199,0.157,0.843,0.0
@BBC,2018-03-19 09:58:10+00:00,"RT @BBCNews: Stem cell transplant ""game changer"" for MS patients https://t.co/BGWtdtXUAP",0.0,0.0,1.0,0.0
@BBC,2018-03-19 09:57:58+00:00,RT @BBCBreakfast: Anyone want to play a game of spot Tracey's feet? Our floor manager Tracey had to dive behind the sofa to avoid being on‚Ä¶,0.128,0.133,0.789,0.079
@BBC,2018-03-19 09:32:02+00:00,"'Who wants a normal life?' We should all be a little more like @chessmartinez. üëèüíñ #LiveAtTheApollo

https://t.co/VddL8zWJfS",0.3642,0.152,0.848,0.0
@BBC,2018-03-19 09:27:50+00:00,"RT @BBCWthrWatchers: Some incredible photos sent in last night of the #Auroraborealis from Skye Woody, Cumbrian stargazer and DJStewie.  Di‚Ä¶",0.0,0.0,1.0,0.0
@BBC,2018-03-19 08:45:02+00:00,Beautiful spring blossom in south-west China has been captured by drone https://t.co/WTo7JjiKXw,0.5994,0.262,0.738,0.0
@BBC,2018-03-19 08:02:00+00:00,"ü§î Should we still be worried about the hole in the ozone layer?

üå§ @SimonOKing and @clarenasir investigate in their‚Ä¶ https://t.co/SZV3Df9y0t",-0.296,0.0,0.891,0.109
@BBC,2018-03-18 20:30:11+00:00,"üèÉüí™ @LesDennis, @SimplySusannah, @Tameka_Empson and Miles Jupp embark on a muscle-grinding mission to regain their f‚Ä¶ https://t.co/B1rXaalmk2",0.0,0.0,1.0,0.0
@BBC,2018-03-18 20:03:04+00:00,üëéüíå Fans of K-Pop boyband member @IBGDRGN have been asked to stop sending fan mail to the army base where he's doing‚Ä¶ https://t.co/ojtDZ3gMfb,0.0258,0.09,0.824,0.086
@BBC,2018-03-18 19:33:04+00:00,"Saoirse Ronan stars as Eilis, a young girl who jumps at the chance of a better life when she emigrates to New York.‚Ä¶ https://t.co/NtHAfh6cjZ",0.5994,0.197,0.803,0.0
@BBC,2018-03-18 18:44:02+00:00,"Ruth Ellis was only 28 when she became the last woman hanged to death in the UK. 

#TheRuthEllisFiles | Watch on‚Ä¶ https://t.co/5kUIFtom7t",-0.5994,0.0,0.837,0.163
@BBC,2018-03-18 18:34:14+00:00,"RT @BBC_TopGear: 840bhp goes a little like this‚Ä¶

@Matt_LeBlanc takes the Dodge Challenger SRT #Demon to the drag strip in this Sunday‚Äôs @T‚Ä¶",0.204,0.151,0.772,0.077
@BBC,2018-03-18 17:18:12+00:00,"RT @bbcthree: Be honest, do you think you'll be this fit at 81? https://t.co/Eca0uGCF6b",0.7331,0.34,0.66,0.0
@BBC,2018-03-18 17:04:03+00:00,"üçéüóë How much food do you throw away? If you're a typical Brit, you probably think it's hardly any.

You're in denial‚Ä¶ https://t.co/0bSCbRrZJr",0.0,0.0,1.0,0.0
@BBC,2018-03-18 16:33:17+00:00,"‚ù§Ô∏èÔ∏èüì∏Zun Lee wants his photography to give a balanced and nuanced portrayal of black fatherhood.

üëâ‚Ä¶ https://t.co/LodRrr27fd",0.0,0.0,1.0,0.0
@BBC,2018-03-18 15:41:04+00:00,"ü§∞ A doctor explains why you can get pregnant and give birth without having a baby bump. 
üëâ https://t.co/nVrSpQoTOT https://t.co/iEEOjZdBKL",0.0,0.0,1.0,0.0
@BBC,2018-03-18 14:33:07+00:00,RT @BBCEngland: A number of runners have held their own half-marathon in Reading after the official event was called off due to the snowy w‚Ä¶,0.0772,0.053,0.947,0.0
@BBC,2018-03-18 14:28:23+00:00,RT @BBCSport: They‚Äôve done it! Gold for GB‚Äôs Menna Fitzpatrick and Jen Kehoe in the visually impaired slalom at the Winter Paralympics. And‚Ä¶,0.0,0.0,1.0,0.0
@BBC,2018-03-18 14:18:01+00:00,üì±üöó Why a rise in electric cars could also mean a hike in the cost of your next phone. https://t.co/6i5xFQgRIW,0.0,0.0,1.0,0.0
@BBC,2018-03-18 14:08:37+00:00,RT @BBC6Music: ‚úèÔ∏è Which song has the greatest opening line?,0.6369,0.318,0.682,0.0
@BBC,2018-03-18 13:45:03+00:00,üé§Pop music is awash with those that released one hit album and never followed it up. Here are 7 huge artists that o‚Ä¶ https://t.co/4ukT9drcdG,0.3182,0.095,0.905,0.0
@BBC,2018-03-18 13:00:08+00:00,"üçîüò≤ Would you eat a burger pie?  
#BackInTimeForTea https://t.co/zGWzJwdSlM",0.0,0.0,1.0,0.0
@BBC,2018-03-18 12:29:50+00:00,RT @BBCOne: If food is the language of love... https://t.co/5hnYovE94o,0.0,0.0,1.0,0.0
@BBC,2018-03-18 11:43:04+00:00,"Ever wondered why David Bowie wore an eye patch?

Strange things artists have worn on stage and the reasons why. 
üëâ‚Ä¶ https://t.co/8zSBXQkLvy",-0.4588,0.0,0.833,0.167
@BBC,2018-03-18 10:30:04+00:00,"üçûü•ñ Want to learn how to bake bread?

These easy to follow recipes and step-by-step videos will have you baking ever‚Ä¶ https://t.co/iXEmj5WJdD",0.4939,0.174,0.826,0.0
@BBC,2018-03-18 10:00:08+00:00,"‚ÄúI regret spending ¬£50,000 on my wedding.‚Äù https://t.co/6PxJsDf9dn https://t.co/eJdx7KMmmK",-0.4215,0.0,0.741,0.259
@BBC,2018-03-18 09:30:03+00:00,"How to be 20 on the inside, even when you‚Äôre 80 on the outside... https://t.co/KB2mqpkrIB",0.0,0.0,1.0,0.0
@BBC,2018-03-18 09:19:33+00:00,"RT @BBCNews: Snow and ice are bringing disruption to many parts of the UK - but they're not stopping everyone from having fun üê∂‚ùÑÔ∏è

https://‚Ä¶",0.656,0.212,0.727,0.061
@BBC,2018-03-18 09:10:02+00:00,"RT @bbc5live: The beast from the east is back ‚ùÑÔ∏èüå®Ô∏è

You've been in touch this morning with your #uksnow pics, here are just a few...

What'‚Ä¶",0.0,0.0,1.0,0.0
@BBC,2018-03-17 20:02:01+00:00,"These seven celebrities are about to go on the journey of a lifetime... #Pilgrimage
https://t.co/m45UBXJew2",0.0,0.0,1.0,0.0
@BBC,2018-03-17 19:21:02+00:00,Can we just take a moment to discuss Eddie Redmanyne's coats?https://t.co/odVkhWyRKs,0.0,0.0,1.0,0.0
@BBC,2018-03-17 18:32:01+00:00,"Ouch! üòÇüî•@GordonRamsay's daughter is hilarious... 
https://t.co/0dqwntX5uj",0.0,0.0,1.0,0.0
@BBC,2018-03-17 18:03:04+00:00,"üêú1‚É£2‚É£3‚É£Sir David Attenborough explores whether there is counting in the natural world. 

David Attenborough's Natur‚Ä¶ https://t.co/Q4H4uXR4pt",0.3612,0.143,0.857,0.0
@BBC,2018-03-17 17:30:07+00:00,One of the writers for The Simpsons has told @BBCNewsbeat Stephen Hawking was such a big fan of the show - he'd sho‚Ä¶ https://t.co/Jjer3V4cYk,0.3182,0.099,0.901,0.0
@BBC,2018-03-17 17:00:08+00:00,"üéìüìö 'The moment I gave Reese Witherspoon my Legally Blonde dissertation... and yes, it was scented.'
üëâ‚Ä¶ https://t.co/z8x5mqqKoW",0.4767,0.215,0.785,0.0
@BBC,2018-03-17 16:39:39+00:00,RT @BBCWorld: Blossom in south-west China captured by drone https://t.co/gIDKUn1La6,0.0,0.0,1.0,0.0
@BBC,2018-03-17 15:03:12+00:00,"This year, over 250 landmarks across the globe are going green for #StPatricksDay! üçÄ https://t.co/TlWqU0TXQT https://t.co/i4sW4OaGrQ",0.0,0.0,1.0,0.0
@BBC,2018-03-17 14:43:43+00:00,"RT @BBCRadio3: ""Even if we found a complete theory of the universe, it wouldn't remove the need for music"" - #StephenHawking
https://t.co/t‚Ä¶",0.0,0.0,1.0,0.0
@BBC,2018-03-17 14:00:30+00:00,‚õ∑‚ù§Ô∏è George has autism and other health conditions - but his love of skiing is helping him take on the outside world. https://t.co/kfCzRzkcNY,0.8625,0.301,0.699,0.0
@BBC,2018-03-17 13:46:15+00:00,"RT @5liveSport: 'My mates didn't know I was playing @realmadrid'

@ManUtd's @carras16 tells @ColinMurray his friends keep him grounded‚Ä¶

'A‚Ä¶",0.3628,0.143,0.784,0.073
@CBS,2018-03-20 20:00:01+00:00,The legendary @Reba returns to host the 53rd #ACMawards and she‚Äôs proving just how comfortable she is behind the mi‚Ä¶ https://t.co/XPXcSPRXqC,0.5106,0.142,0.858,0.0
@CBS,2018-03-20 17:58:43+00:00,RT @nancyodell: Told my daughter I'd be presenting at @ACMawards again this year. (Woot woot!We both luv country music!)She took this pic o‚Ä¶,0.0,0.0,1.0,0.0
@CBS,2018-03-20 16:52:42+00:00,RT @ladyantebellum: Ecstatic to announce we'll be performing at the #ACMawards in Las Vegas again this year! https://t.co/Qfhs94j6FR,0.5562,0.174,0.826,0.0
@CBS,2018-03-20 16:11:00+00:00,"Country superstars @kennychesney, @ladyantebellum, @blakeshelton, and @KeithUrban have just been added to the stell‚Ä¶ https://t.co/bJ4If7MacP",0.0,0.0,1.0,0.0
@CBS,2018-03-19 21:02:26+00:00,"RT @YandR_CBS: Forever evolving, Forever inspiring, Forever Young and Restless. ‚ù§Ô∏è Get ready to celebrate 45 years of #YR starting in just‚Ä¶",0.7845,0.309,0.619,0.072
@CBS,2018-03-18 23:44:30+00:00,New start times in East/Central Time Zones: #60Minutes 7:37ET/6:37CT #Instinct series premiere 8:37ET/7:37CT‚Ä¶ https://t.co/xT3YKqmu2M,0.0,0.0,1.0,0.0
@CBS,2018-03-18 18:05:43+00:00,Spend your Sunday streaming Second Round games LIVE with a FREE trial of CBS All Access! https://t.co/3P85rXLy4b https://t.co/zbWfirD9Ju,0.6514,0.213,0.787,0.0
@CBS,2018-03-18 17:09:53+00:00,"RT @instinctcbs: TONIGHT, Dr. Dylan Reinhart rewrites the book on abnormal behavior. Don't miss the premiere of #Instinct at 8/7c! https://‚Ä¶",0.1867,0.08,0.92,0.0
@CBS,2018-03-17 19:00:02+00:00,"If any duo knows how to rock the stage, it's @FLAGALine. The Vocal Duo Of The Year nominee will perform live at the‚Ä¶ https://t.co/FknabB8NQp",0.0,0.0,1.0,0.0
@CBS,2018-03-17 17:42:43+00:00,How is your bracket looking after last night? Stream Second Round games LIVE today with a FREE trial of CBS All Acc‚Ä¶ https://t.co/25JlIpgwog,0.6166,0.161,0.839,0.0
@CBS,2018-03-17 14:00:03+00:00,Where better to spend #StPatricksDay than the place everybody knows your name? It‚Äôs just your luck that every singl‚Ä¶ https://t.co/Fom5wmdENL,0.7096,0.247,0.753,0.0
@CBS,2018-03-16 22:53:21+00:00,Stars @JakeMcDorman and Nik Dodani will join the cast in the upcoming revival of Murphy Brown coming to CBS.‚Ä¶ https://t.co/JCAx29lo0i,0.296,0.104,0.896,0.0
@CBS,2018-03-16 18:15:53+00:00,"RT @thegoodfight: Go behind the scenes with costume designer @DanLawsonStyle in ""Behind The Style,"" a new weekly video series all about the‚Ä¶",0.0,0.0,1.0,0.0
@CBS,2018-03-16 16:28:40+00:00,The games have just begun! Continue to stream First Round games LIVE today with a FREE trial of CBS All Access:‚Ä¶ https://t.co/YTGsJ48zYP,0.6514,0.178,0.822,0.0
@CBS,2018-03-15 17:54:06+00:00,"RT @TheTalkCBS: You asked, we answered! The fun never ends when the ladies #KeepTalking and answer your fan questions üó£üí¨‚û°Ô∏è https://t.co/ie1‚Ä¶",0.7088,0.237,0.763,0.0
@CBS,2018-03-15 17:20:26+00:00,RT @instinctcbs: Dr. Dylan Reinhart is lured back into the field from his life of quiet academia when a certain serial killer makes things‚Ä¶,-0.4939,0.077,0.766,0.157
@CBS,2018-03-15 16:42:41+00:00,Stream First Round games LIVE today starting at 12PM ET with a FREE trial of CBS All Access! https://t.co/3P85rXLy4b https://t.co/vZow3YD8cb,0.6514,0.194,0.806,0.0
@CBS,2018-03-15 14:32:16+00:00,RT @CBSSports: It's the most wonderful time of the year. #MarchMadness https://t.co/e4c9qohqSR,0.6115,0.266,0.734,0.0
@CBS,2018-03-14 19:30:01+00:00,"Give these ladies some love! @Lauren_Alaina, @DBradbery, @carlypearce, and @RaeLynn are nominated for New Female Vo‚Ä¶ https://t.co/IVhwURfJ3S",0.6696,0.219,0.781,0.0
@CBS,2018-03-13 18:48:52+00:00,"RT @ManWithAPlan: Hungry for more #ManWithAPlan bloopers and behind-the-scenes videos featuring cast like @matt_leblanc, @thelizasnyder, @k‚Ä¶",0.3612,0.143,0.857,0.0
@CBS,2018-03-20 20:00:01+00:00,The legendary @Reba returns to host the 53rd #ACMawards and she‚Äôs proving just how comfortable she is behind the mi‚Ä¶ https://t.co/XPXcSPRXqC,0.5106,0.142,0.858,0.0
@CBS,2018-03-20 17:58:43+00:00,RT @nancyodell: Told my daughter I'd be presenting at @ACMawards again this year. (Woot woot!We both luv country music!)She took this pic o‚Ä¶,0.0,0.0,1.0,0.0
@CBS,2018-03-20 16:52:42+00:00,RT @ladyantebellum: Ecstatic to announce we'll be performing at the #ACMawards in Las Vegas again this year! https://t.co/Qfhs94j6FR,0.5562,0.174,0.826,0.0
@CBS,2018-03-20 16:11:00+00:00,"Country superstars @kennychesney, @ladyantebellum, @blakeshelton, and @KeithUrban have just been added to the stell‚Ä¶ https://t.co/bJ4If7MacP",0.0,0.0,1.0,0.0
@CBS,2018-03-19 21:02:26+00:00,"RT @YandR_CBS: Forever evolving, Forever inspiring, Forever Young and Restless. ‚ù§Ô∏è Get ready to celebrate 45 years of #YR starting in just‚Ä¶",0.7845,0.309,0.619,0.072
@CBS,2018-03-18 23:44:30+00:00,New start times in East/Central Time Zones: #60Minutes 7:37ET/6:37CT #Instinct series premiere 8:37ET/7:37CT‚Ä¶ https://t.co/xT3YKqmu2M,0.0,0.0,1.0,0.0
@CBS,2018-03-18 18:05:43+00:00,Spend your Sunday streaming Second Round games LIVE with a FREE trial of CBS All Access! https://t.co/3P85rXLy4b https://t.co/zbWfirD9Ju,0.6514,0.213,0.787,0.0
@CBS,2018-03-18 17:09:53+00:00,"RT @instinctcbs: TONIGHT, Dr. Dylan Reinhart rewrites the book on abnormal behavior. Don't miss the premiere of #Instinct at 8/7c! https://‚Ä¶",0.1867,0.08,0.92,0.0
@CBS,2018-03-17 19:00:02+00:00,"If any duo knows how to rock the stage, it's @FLAGALine. The Vocal Duo Of The Year nominee will perform live at the‚Ä¶ https://t.co/FknabB8NQp",0.0,0.0,1.0,0.0
@CBS,2018-03-17 17:42:43+00:00,How is your bracket looking after last night? Stream Second Round games LIVE today with a FREE trial of CBS All Acc‚Ä¶ https://t.co/25JlIpgwog,0.6166,0.161,0.839,0.0
@CBS,2018-03-17 14:00:03+00:00,Where better to spend #StPatricksDay than the place everybody knows your name? It‚Äôs just your luck that every singl‚Ä¶ https://t.co/Fom5wmdENL,0.7096,0.247,0.753,0.0
@CBS,2018-03-16 22:53:21+00:00,Stars @JakeMcDorman and Nik Dodani will join the cast in the upcoming revival of Murphy Brown coming to CBS.‚Ä¶ https://t.co/JCAx29lo0i,0.296,0.104,0.896,0.0
@CBS,2018-03-16 18:15:53+00:00,"RT @thegoodfight: Go behind the scenes with costume designer @DanLawsonStyle in ""Behind The Style,"" a new weekly video series all about the‚Ä¶",0.0,0.0,1.0,0.0
@CBS,2018-03-16 16:28:40+00:00,The games have just begun! Continue to stream First Round games LIVE today with a FREE trial of CBS All Access:‚Ä¶ https://t.co/YTGsJ48zYP,0.6514,0.178,0.822,0.0
@CBS,2018-03-15 17:54:06+00:00,"RT @TheTalkCBS: You asked, we answered! The fun never ends when the ladies #KeepTalking and answer your fan questions üó£üí¨‚û°Ô∏è https://t.co/ie1‚Ä¶",0.7088,0.237,0.763,0.0
@CBS,2018-03-15 17:20:26+00:00,RT @instinctcbs: Dr. Dylan Reinhart is lured back into the field from his life of quiet academia when a certain serial killer makes things‚Ä¶,-0.4939,0.077,0.766,0.157
@CBS,2018-03-15 16:42:41+00:00,Stream First Round games LIVE today starting at 12PM ET with a FREE trial of CBS All Access! https://t.co/3P85rXLy4b https://t.co/vZow3YD8cb,0.6514,0.194,0.806,0.0
@CBS,2018-03-15 14:32:16+00:00,RT @CBSSports: It's the most wonderful time of the year. #MarchMadness https://t.co/e4c9qohqSR,0.6115,0.266,0.734,0.0
@CBS,2018-03-14 19:30:01+00:00,"Give these ladies some love! @Lauren_Alaina, @DBradbery, @carlypearce, and @RaeLynn are nominated for New Female Vo‚Ä¶ https://t.co/IVhwURfJ3S",0.6696,0.219,0.781,0.0
@CBS,2018-03-13 18:48:52+00:00,"RT @ManWithAPlan: Hungry for more #ManWithAPlan bloopers and behind-the-scenes videos featuring cast like @matt_leblanc, @thelizasnyder, @k‚Ä¶",0.3612,0.143,0.857,0.0
@CBS,2018-03-13 14:15:10+00:00,"Music stars @MileyCyrus, @edsheeran, @ladygaga, and more will honor the legendary @eltonofficial and his hit songs‚Ä¶ https://t.co/UzxARCCLnI",0.539,0.179,0.821,0.0
@CBS,2018-03-12 18:13:28+00:00,RT @thegoodfight: The verdict is in. The new season of #TheGoodFight is üî•üî•üî•! Stream it now on CBS All Access: https://t.co/FkYSNSXlRb https‚Ä¶,0.2244,0.083,0.917,0.0
@CBS,2018-03-12 01:20:43+00:00,"RT @MadamSecretary: In less than an hour, #MadamSecretary's Keith Carradine will be taking over the @MadamSecretary Twitter page! Tweet alo‚Ä¶",0.0,0.0,1.0,0.0
@CBS,2018-03-09 22:48:26+00:00,RT @DierksBentley: Take and post a photo of the woman in your life who inspires you daily! Use the hashtag #WomanAmenACM in your post for a‚Ä¶,0.4926,0.117,0.883,0.0
@CBS,2018-03-09 22:24:20+00:00,"RT @MomCBS: If you missed guest star @KChenoweth in the latest episode of #Mom, not to worry! Watch now: https://t.co/RlvXoGOZ0l https://t.‚Ä¶",0.1275,0.113,0.795,0.092
@CBS,2018-03-09 21:10:21+00:00,"Give a round of applause to @KelseaBallerini, @MirandaLambert, @Reba, @MarenMorris, and @CarrieUnderwood, the five‚Ä¶ https://t.co/Ncp1BTXx6N",0.4215,0.177,0.823,0.0
@CBS,2018-03-09 18:27:28+00:00,"RT @thegoodfight: Smart, sexy, and sophisticated. See what's coming this season on #TheGoodFight. https://t.co/CuKhx2G50P https://t.co/ygTI‚Ä¶",0.8658,0.447,0.553,0.0
@CBS,2018-03-09 16:02:27+00:00,RT @BlueBloods_CBS: Even stand-up guys fall down sometimes. #BlueBloods is new tonight at 10/9c! https://t.co/UOlDm22wWW,0.0,0.0,1.0,0.0
@CBS,2018-03-08 18:00:49+00:00,Today and every day we celebrate the women in our lives who empower and inspire us. Share a story about an¬†influent‚Ä¶ https://t.co/9rVtqrElvT,0.8625,0.336,0.664,0.0
@CBS,2018-03-08 17:03:04+00:00,Take and post a photo of the woman in your life who inspires you daily! Use the hashtag #WomanAmenACM in your post‚Ä¶ https://t.co/7ShhvE48zy,0.4926,0.132,0.868,0.0
@CBS,2018-03-07 18:39:10+00:00,"RT @thegoodfight: Meticulously constructed. Soapy &amp; sexy. Intoxicating, savage television. üî• Here's what critics are saying about #TheGoodF‚Ä¶",-0.2023,0.15,0.619,0.23
@CBS,2018-03-07 17:06:02+00:00,"This just in! @Jason_Aldean, @mirandalambert, @LukeBryanOnline, and many more are set to perform at the 53rd Academ‚Ä¶ https://t.co/mfxw2VxzU4",0.0,0.0,1.0,0.0
@CBS,2018-03-06 18:10:59+00:00,"Meet the ensemble of talented actors slated to join $1, a new mystery series coming to CBS All Access:‚Ä¶ https://t.co/QoyYv7vxwg",0.6705,0.244,0.756,0.0
@CBS,2018-03-05 22:16:43+00:00,"Will @Jason_Aldean, @garthbrooks, @LukeBryanOnline, @ChrisStapleton, or @KeithUrban be named Entertainer Of The Yea‚Ä¶ https://t.co/rMD8zjeX3s",0.3818,0.167,0.833,0.0
@CBS,2018-03-04 08:05:26+00:00,"RT @thegoodfight: It feels good to be back. üë†üíÑüî• The season 2 premiere of #TheGoodFight is now streaming, exclusively on CBS All Access: htt‚Ä¶",0.4404,0.116,0.884,0.0
@CBS,2018-03-03 20:55:20+00:00,"RT @thegoodfight: Tomorrow, #TheGoodFight is back. Stream the season 2 premiere only on CBS All Access: https://t.co/tNFR8LBJO2 https://t.c‚Ä¶",0.0,0.0,1.0,0.0
@CBS,2018-03-02 22:30:01+00:00,"Who are the trailblazing women in your life that inspire you? Join CBS and the ANA's #SeeHer initiative, celebratin‚Ä¶ https://t.co/M0KqZ41Bes",0.7096,0.247,0.753,0.0
@CBS,2018-03-02 20:30:01+00:00,"Join @maria_bello, @aishatyler and @TeaLeoni in celebrating the accomplishments of women who have contributed to th‚Ä¶ https://t.co/MefESBeFL3",0.7096,0.282,0.718,0.0
@CBS,2018-03-02 18:45:00+00:00,"In honor of Women's History Month, CBS and the Association of National Advertisers' (ANA) #SeeHer initiative will p‚Ä¶ https://t.co/2wtYxKJVuO",0.4939,0.151,0.849,0.0
@CBS,2018-03-01 18:59:01+00:00,RT @ZoeListerJones: Tonight‚Äôs an all new Life In Pieces and it‚Äôs directed by my ride or die @nataliaanderson!!!‚Ä¶ https://t.co/2LPfmyLWrY,-0.6981,0.0,0.79,0.21
@CBS,2018-03-01 18:12:57+00:00,"RT @MarenMorris: Hot damn! Woke up from my post-wisdom teeth haze to find out I‚Äôm up for 4 @ACMawards ! So honored, especially for the Dear‚Ä¶",0.4547,0.159,0.749,0.092
@CBS,2018-03-01 18:11:50+00:00,RT @KelseaBallerini: Ohhhhh goodness. Incredible. Thank you thank you thank you. #female https://t.co/1ZTYjNfQeF,0.8591,0.538,0.462,0.0
@CBS,2018-03-01 18:10:50+00:00,RT @KeithUrban: ACMs...... HOLY SMOKES!!!!! MAD LOVE TO U ALL THIS MORNING  FOR THESE INCREDIBLE NOMINATIONS. I‚ÄôM EXTREMELY GRATEFUL!!!!!!!‚Ä¶,0.4885,0.234,0.615,0.151
@CBS,2018-03-01 14:36:21+00:00,"RT @ACMawards: Congratulations to this year‚Äôs #ACMawards Video of the Year nominees:
‚ÄúBlack‚Äù - @DierksBentley
‚ÄúIt Ain‚Äôt My Fault‚Äù - @Brothe‚Ä¶",0.5994,0.178,0.822,0.0
@CBS,2018-03-01 14:29:20+00:00,"RT @ACMawards: Please give a round of applause to this year‚Äôs #ACMawards Entertainer of the Year nominees: @Jason_Aldean, @GarthBrooks, @Lu‚Ä¶",0.7717,0.325,0.675,0.0
@CBS,2018-03-01 14:15:29+00:00,".@ChrisStapleton, @ThomasRhett, @mirandalambert and more are all nominated for awards at Country Music's Party of t‚Ä¶ https://t.co/Vm1vXRUDYJ",0.6908,0.275,0.725,0.0
@CBS,2018-03-01 13:50:11+00:00,"The Queen of Country, @Reba, is returning to host the 53rd #ACMawards on Sunday, April 15 at 8/7c. Here are a few o‚Ä¶ https://t.co/Iqzz6Gql01",0.0,0.0,1.0,0.0
@CBS,2018-03-01 01:04:52+00:00,RT @survivorcbs: It‚Äôs time! #Survivor https://t.co/YPk6cGWrUA,0.0,0.0,1.0,0.0
@CBS,2018-02-28 19:56:58+00:00,"RT @CBSThisMorning: TOMORROW: The nominees for the 2018 @ACMawards will be announced live by the one-and-only, @Reba! 

Watch on @CBS in ou‚Ä¶",0.0,0.0,1.0,0.0
@CBS,2018-02-28 19:08:30+00:00,"RT @thegoodfight: From the set design and costumes to hair and makeup, the production quality is truly next-level. Take a peek inside the u‚Ä¶",0.4404,0.116,0.884,0.0
@CBS,2018-02-27 03:23:47+00:00,RT @LivinBiblically: The fun continues on Facebook! The #LivingBiblically cast is live to talk about tonight‚Äôs premiere. Tune in here: http‚Ä¶,0.5562,0.152,0.848,0.0
@CBS,2018-02-26 22:50:32+00:00,"RT @KevinCanWaitCBS: Can you get all the way through these #KevinCanWait bloopers without laughing?! @KevinJames,@LeahRemini and the rest o‚Ä¶",0.0,0.0,1.0,0.0
@CBS,2018-02-26 21:08:30+00:00,"RT @ACMawards: That‚Äôs right! @Reba is headed to @CBSThisMorning on Thursday, March 1 to announce this year‚Äôs #ACMAwards' nominees. Tune in‚Ä¶",0.0,0.0,1.0,0.0
@CBS,2018-02-26 19:53:41+00:00,"RT @ScorpionCBS: You can't hack your way to a 197 IQ, but you are well on your way with these Genius Facts from #TeamScorpion! üíª You can be‚Ä¶",0.4482,0.105,0.895,0.0
@CBS,2018-02-26 18:32:36+00:00,RT @SuperiorDonuts: You can always count on @DavidKoechner for a laugh! Did your favorite Tush moment make the list? Catch a new #SuperiorD‚Ä¶,0.784,0.266,0.734,0.0
@CBS,2018-02-26 18:20:16+00:00,RT @TheTalkCBS: TODAY: We loved them together then &amp; we love seeing them together now! Welcome back to the show @THESaraGilbert‚Äã's good fri‚Ä¶,0.9359,0.429,0.571,0.0
@CBS,2018-02-26 16:53:56+00:00,"RT @thegoodfight: As foundations begin to crumble, our characters struggle to make sense of this new dystopian world. The cast teases what'‚Ä¶",-0.5423,0.0,0.816,0.184
@CBS,2018-02-26 16:52:01+00:00,"#LivingBiblically's @linzkraft and @jrfergjr appeared on @KCBS's Facebook Live this morning, talking all about what‚Ä¶ https://t.co/4RebcHuuMQ",0.0,0.0,1.0,0.0
@CBS,2018-02-26 16:17:55+00:00,"RT @CBSSports: Introducing CBS Sports HQ, a New 24/7 Direct-to-Consumer Streaming Network for Sports News, Highlights, &amp; Analysis.

Stream‚Ä¶",0.0,0.0,1.0,0.0
@CBS,2018-02-26 01:12:32+00:00,"RT @CBSBigBrother: It‚Äôs down to the final 5 celebrity Houseguests, and anyone could take home the grand prize! Tune in NOW to watch the #BB‚Ä¶",0.7644,0.231,0.769,0.0
@CBS,2018-02-25 21:51:32+00:00,RT @startrekcbs: Binge the entire first season of #StarTrekDiscovery. All episodes now streaming exclusively on CBS All Access: https://t.c‚Ä¶,0.0,0.0,1.0,0.0
@CBS,2018-02-25 21:51:22+00:00,"RT @thegoodfight: #TheGoodFight returns in 1 week. Season 2 premieres Sunday, March 4. https://t.co/nomCao1GWp https://t.co/BOn6bOe9Tb",0.0,0.0,1.0,0.0
@CBS,2018-02-23 18:15:40+00:00,RT @thegoodfight: This is our new favorite thing. Christine Baranski debuted #TheGoodFight the Musical on @colbertlateshow last night! üéµüé§‚Ä¶,0.5093,0.155,0.845,0.0
@CBS,2018-02-22 19:26:52+00:00,"RT @LivinBiblically: Confession time: have YOU ever hit the ""close door"" button in an elevator while somebody was approaching? The cast of‚Ä¶",0.0,0.0,1.0,0.0
@CBS,2018-02-21 19:20:04+00:00,RT @CBSEyeSpeak: Mark your calendars! #CBSEyeSpeak kicks off March 14 with The EYE Speak Summit. Follow our page for more details! https://‚Ä¶,0.0,0.0,1.0,0.0
@CBS,2018-02-21 18:19:25+00:00,"RT @CBSEyeSpeak: Proud to announce a new CBS initiative, promoting female empowerment and developing the next generation of leaders through‚Ä¶",0.6808,0.248,0.752,0.0
@CBS,2018-02-20 19:55:19+00:00,"RT @LivinBiblically: When you're living by the Bible, it's good to have a priest and a rabbi on call (provided they answer their phones, th‚Ä¶",0.4404,0.116,0.884,0.0
@CBS,2018-02-20 17:58:18+00:00,"RT @thegoodfight: Chicago lawyers are being hunted and the world is going insane. 

The new season of #TheGoodFight premieres Sunday, March‚Ä¶",-0.4019,0.0,0.881,0.119
@CBS,2018-02-20 17:39:51+00:00,Ready for some larger than life competition? This new series from @MarkBurnettTV will premiere in summer 2018.‚Ä¶ https://t.co/gDXHLdIJ5v,0.3612,0.128,0.872,0.0
@CBS,2018-02-17 01:07:20+00:00,"With tournament dreams on the line, make sure to stream these college basketball matchups on CBS All Access:‚Ä¶ https://t.co/SGkYUZrQWB",0.6124,0.227,0.773,0.0
@CBS,2018-02-16 18:42:43+00:00,"RT @LivinBiblically: While Chip's sticking to the Bible's original rules, the cast of #LivingBiblically has given them a more modern makeov‚Ä¶",0.3182,0.108,0.892,0.0
@CBS,2018-02-16 17:48:20+00:00,"Casting News! Peter Mark Kendall, Michael Gaston, Greg Wise, Rade ≈†erbed≈æija, Zack Pearlman, and Keye Chen join the‚Ä¶ https://t.co/GFob2KrD8H",0.68,0.248,0.752,0.0
@CBS,2018-02-14 19:23:27+00:00,RT @BullCBS: The verdict is in...#Bull is the perfect Valentine! ‚ù§Ô∏è Happy #ValentinesDay! https://t.co/poEejI4AnC,0.8619,0.466,0.534,0.0
@CBS,2018-02-13 20:03:56+00:00,"RT @NoActivityCBS: Car 27 reporting: Season 2 of #NoActivity coming soon!

Binge season one now on CBS All Access: https://t.co/yvxoQMeyhN‚Ä¶",0.0,0.0,1.0,0.0
@CBS,2018-02-13 18:54:52+00:00,"RT @LivinBiblically: Against all odds (and the advice of his God Squad), Chip is determined to live life by the Good Book. Think you could‚Ä¶",0.7506,0.252,0.748,0.0
@CBS,2018-02-12 18:49:45+00:00,RT @thegoodfight: Christine Baranski reflects upon the spectacular metamorphosis of her character in #TheGoodFight's first season. Revisit‚Ä¶,0.0,0.0,1.0,0.0
@CBS,2018-02-12 01:32:33+00:00,RT @startrekcbs: Binge the entire first season of #StarTrekDiscovery. All 15 episodes now streaming on CBS All Access: https://t.co/lKLaptP‚Ä¶,0.0,0.0,1.0,0.0
@CBS,2018-02-09 00:50:01+00:00,RT @SuperiorDonuts: Looking for a #Valentine? Tush is here to help you land your dream date just in time for the day of love! #SuperiorDonu‚Ä¶,0.8478,0.304,0.696,0.0
@CBS,2018-02-08 16:09:35+00:00,RT @CBSBigBrother: The pressure is on as the Houseguests battle each other for victory in the first HOH competition. Stream the season prem‚Ä¶,-0.5859,0.0,0.814,0.186
@CBS,2018-02-07 18:35:19+00:00,"RT @startrekcbs: Sunday, this season's epic journey reaches its final reckoning. Catch up before the season finale: https://t.co/4Ea5wpmAep‚Ä¶",0.0516,0.066,0.934,0.0
@CNN,2018-03-21 03:16:04+00:00,"Cambridge Analytica has suspended CEO Alexander Nix, the latest development in a complicated story involving the em‚Ä¶ https://t.co/Zip5BdjeIo",-0.4767,0.0,0.838,0.162
@CNN,2018-03-21 03:02:18+00:00,WhatsApp cofounder Brian Acton has a message for Facebook users: Delete Facebook. https://t.co/fhYGtoqcro,0.0,0.0,1.0,0.0
@CNN,2018-03-21 03:01:02+00:00,"""As we wait for legislative reforms aimed at tackling recidivism, America's private businesses can help put a stop‚Ä¶ https://t.co/GDXMW7lhcj",0.4019,0.137,0.863,0.0
@CNN,2018-03-21 02:49:36+00:00,"Billionaire Pritzker wins Dem nomination in Illinois Governor's race, CNN projects https://t.co/7R7w5EIcjT https://t.co/BztAiaq33j",0.5719,0.236,0.764,0.0
@CNN,2018-03-21 02:46:04+00:00,"""DO NOT CONGRATULATE"" tells you everything you need to know about Donald Trump's psyche | Analysis by @CillizzaCNN‚Ä¶ https://t.co/CxdDtnaV4E",0.6037,0.188,0.812,0.0
@CNN,2018-03-21 02:36:04+00:00,Ohio might soon have an official state dog. 12 other states already do: https://t.co/NplMFp1JwG https://t.co/d8rmMibvDj,0.0,0.0,1.0,0.0
@CNN,2018-03-21 02:31:07+00:00,"""The death of gentle giant Sudan is a loss for the world. But we don't have to let it be in vain,"" writes Jill Fili‚Ä¶ https://t.co/D7Mo3FfVt7",-0.5106,0.093,0.707,0.199
@CNN,2018-03-21 02:16:03+00:00,Uber's self-driving car fatality draws national scrutiny as local and federal investigators continue to examine the‚Ä¶ https://t.co/q8eiT3OEmt,-0.6705,0.0,0.78,0.22
@CNN,2018-03-21 02:11:06+00:00,"President Trump said Rick Saccone ""didn't quite make it"" in the Pennsylvania special election, despite the fact tha‚Ä¶ https://t.co/RRPgmHg7r4",0.4019,0.13,0.87,0.0
@CNN,2018-03-21 02:09:35+00:00,A Holocaust denier is now officially the Republican nominee in a Chicago-area House race after running unopposed in‚Ä¶ https://t.co/iY0begq1Wr,-0.3612,0.0,0.865,0.135
@CNN,2018-03-21 02:07:37+00:00,Exclusive: Scientist at center of data controversy says Facebook is making him a scapegoat https://t.co/dQwpcz8jdU https://t.co/IsuNboAGhd,-0.296,0.087,0.756,0.157
@CNN,2018-03-21 02:01:07+00:00,A Cambridge Analytica researcher touted data mining in a speech in Russia four years ago https://t.co/gg9ihdgKOW https://t.co/vhZclSt6uB,-0.0516,0.0,0.921,0.079
@CNN,2018-03-21 01:50:08+00:00,"White House Legislative Affairs Director Marc Short tells CNN there are ""too many obstacles to tackle"" to be able t‚Ä¶ https://t.co/OreBEZofSj",-0.3818,0.0,0.885,0.115
@CNN,2018-03-21 01:42:10+00:00,"Anemia is emerging as a threat that can double the risk of death in pregnant women, according to a new study https://t.co/pZwhhbyZdA",-0.8555,0.0,0.644,0.356
@CNN,2018-03-21 01:38:45+00:00,"FBI Director Christopher Wray says he feels no political pressure from the White House and President Trump has ""nev‚Ä¶ https://t.co/j4febjvZBk",-0.5267,0.0,0.804,0.196
@CNN,2018-03-21 01:31:20+00:00,"RT @AC360: In an interview with @AndersonCooper, the attorneys for Stormy Daniels and Michael Cohen clashed over whether President Donald T‚Ä¶",0.0,0.0,1.0,0.0
@CNN,2018-03-21 01:30:24+00:00,"RT @cnnbrk: Austin police say the latest reported package incident involved an incendiary device, not a bomb. Right now, authorities do not‚Ä¶",0.3875,0.116,0.884,0.0
@CNN,2018-03-21 01:24:52+00:00,"The Austin Police Department says the reported explosion was not a bomb, but rather an incendiary device.

""At this‚Ä¶ https://t.co/TbswI3jaCa",0.2057,0.092,0.908,0.0
@CNN,2018-03-21 01:09:09+00:00,"At least one person was injured in a reported explosion in a south Austin, Texas, neighborhood, officials with Aust‚Ä¶ https://t.co/C8EmKaEz9f",-0.4019,0.0,0.863,0.137
@CNN,2018-03-21 00:52:09+00:00,"At least one person was injured in another reported explosion in Austin, Texas, officials say. Police are respondin‚Ä¶ https://t.co/ajAX99LYWi",-0.4019,0.0,0.87,0.13
@CNN,2018-03-21 03:16:04+00:00,"Cambridge Analytica has suspended CEO Alexander Nix, the latest development in a complicated story involving the em‚Ä¶ https://t.co/Zip5BdjeIo",-0.4767,0.0,0.838,0.162
@CNN,2018-03-21 03:02:18+00:00,WhatsApp cofounder Brian Acton has a message for Facebook users: Delete Facebook. https://t.co/fhYGtoqcro,0.0,0.0,1.0,0.0
@CNN,2018-03-21 03:01:02+00:00,"""As we wait for legislative reforms aimed at tackling recidivism, America's private businesses can help put a stop‚Ä¶ https://t.co/GDXMW7lhcj",0.4019,0.137,0.863,0.0
@CNN,2018-03-21 02:49:36+00:00,"Billionaire Pritzker wins Dem nomination in Illinois Governor's race, CNN projects https://t.co/7R7w5EIcjT https://t.co/BztAiaq33j",0.5719,0.236,0.764,0.0
@CNN,2018-03-21 02:46:04+00:00,"""DO NOT CONGRATULATE"" tells you everything you need to know about Donald Trump's psyche | Analysis by @CillizzaCNN‚Ä¶ https://t.co/CxdDtnaV4E",0.6037,0.188,0.812,0.0
@CNN,2018-03-21 02:36:04+00:00,Ohio might soon have an official state dog. 12 other states already do: https://t.co/NplMFp1JwG https://t.co/d8rmMibvDj,0.0,0.0,1.0,0.0
@CNN,2018-03-21 02:31:07+00:00,"""The death of gentle giant Sudan is a loss for the world. But we don't have to let it be in vain,"" writes Jill Fili‚Ä¶ https://t.co/D7Mo3FfVt7",-0.5106,0.093,0.707,0.199
@CNN,2018-03-21 02:16:03+00:00,Uber's self-driving car fatality draws national scrutiny as local and federal investigators continue to examine the‚Ä¶ https://t.co/q8eiT3OEmt,-0.6705,0.0,0.78,0.22
@CNN,2018-03-21 02:11:06+00:00,"President Trump said Rick Saccone ""didn't quite make it"" in the Pennsylvania special election, despite the fact tha‚Ä¶ https://t.co/RRPgmHg7r4",0.4019,0.13,0.87,0.0
@CNN,2018-03-21 02:09:35+00:00,A Holocaust denier is now officially the Republican nominee in a Chicago-area House race after running unopposed in‚Ä¶ https://t.co/iY0begq1Wr,-0.3612,0.0,0.865,0.135
@CNN,2018-03-21 02:07:37+00:00,Exclusive: Scientist at center of data controversy says Facebook is making him a scapegoat https://t.co/dQwpcz8jdU https://t.co/IsuNboAGhd,-0.296,0.087,0.756,0.157
@CNN,2018-03-21 02:01:07+00:00,A Cambridge Analytica researcher touted data mining in a speech in Russia four years ago https://t.co/gg9ihdgKOW https://t.co/vhZclSt6uB,-0.0516,0.0,0.921,0.079
@CNN,2018-03-21 01:50:08+00:00,"White House Legislative Affairs Director Marc Short tells CNN there are ""too many obstacles to tackle"" to be able t‚Ä¶ https://t.co/OreBEZofSj",-0.3818,0.0,0.885,0.115
@CNN,2018-03-21 01:42:10+00:00,"Anemia is emerging as a threat that can double the risk of death in pregnant women, according to a new study https://t.co/pZwhhbyZdA",-0.8555,0.0,0.644,0.356
@CNN,2018-03-21 01:38:45+00:00,"FBI Director Christopher Wray says he feels no political pressure from the White House and President Trump has ""nev‚Ä¶ https://t.co/j4febjvZBk",-0.5267,0.0,0.804,0.196
@CNN,2018-03-21 01:31:20+00:00,"RT @AC360: In an interview with @AndersonCooper, the attorneys for Stormy Daniels and Michael Cohen clashed over whether President Donald T‚Ä¶",0.0,0.0,1.0,0.0
@CNN,2018-03-21 01:30:24+00:00,"RT @cnnbrk: Austin police say the latest reported package incident involved an incendiary device, not a bomb. Right now, authorities do not‚Ä¶",0.3875,0.116,0.884,0.0
@CNN,2018-03-21 01:24:52+00:00,"The Austin Police Department says the reported explosion was not a bomb, but rather an incendiary device.

""At this‚Ä¶ https://t.co/TbswI3jaCa",0.2057,0.092,0.908,0.0
@CNN,2018-03-21 01:09:09+00:00,"At least one person was injured in a reported explosion in a south Austin, Texas, neighborhood, officials with Aust‚Ä¶ https://t.co/C8EmKaEz9f",-0.4019,0.0,0.863,0.137
@CNN,2018-03-21 00:52:09+00:00,"At least one person was injured in another reported explosion in Austin, Texas, officials say. Police are respondin‚Ä¶ https://t.co/ajAX99LYWi",-0.4019,0.0,0.87,0.13
@CNN,2018-03-21 00:42:42+00:00,"Police in Austin, Texas, are responding to a report of another package explosion in the city. Follow live updates: https://t.co/bNRYeRE1p3",0.0,0.0,1.0,0.0
@CNN,2018-03-21 00:40:11+00:00,"RT @OutFrontCNN: Austin Mayor Steve Adler tells @ErinBurnett the explosion at a FedEx facility near San Antonio ""seem to be connected"" to r‚Ä¶",0.0,0.0,1.0,0.0
@CNN,2018-03-21 00:32:03+00:00,"Sudan, a northern white rhino and the last male of his subspecies, has died. Photographer @Amivee chronicled the fi‚Ä¶ https://t.co/9mDUgBmDkm",-0.5574,0.0,0.833,0.167
@CNN,2018-03-21 00:26:07+00:00,This isn't your father's Democratic Party | Analysis by @CillizzaCNN https://t.co/7I36SFVMDC https://t.co/hnGQ7TOeJz,0.4019,0.213,0.787,0.0
@CNN,2018-03-21 00:17:47+00:00,"Hundreds of flights have been canceled and more than 70 million people are under a winter storm watch, warning or a‚Ä¶ https://t.co/fi5jW5mjuk",-0.34,0.0,0.893,0.107
@CNN,2018-03-21 00:13:17+00:00,US President Trump congratulated Russian President Vladimir Putin on his re-election despite the warnings from mult‚Ä¶ https://t.co/95jqmjFqpa,0.2235,0.106,0.894,0.0
@CNN,2018-03-21 00:12:56+00:00,"RT @AC360: Exclusive: Aleksandr Kogan, the data scientist who worked with Cambridge Analytica to harvest data, tells @AndersonCooper he did‚Ä¶",0.128,0.073,0.927,0.0
@CNN,2018-03-21 00:12:34+00:00,The House Foreign Affairs panel's top Democrat says whistleblowers have come forward to allege a plot to remove the‚Ä¶ https://t.co/Lex4BEAx8Y,0.2023,0.091,0.909,0.0
@CNN,2018-03-21 00:00:49+00:00,"Former Nixon WH counsel John Dean on Trump and Mueller: We're seeing ""the difference between cutting somebody off a‚Ä¶ https://t.co/tYn6vvxuu8",-0.128,0.0,0.927,0.073
@CNN,2018-03-20 23:57:06+00:00,US President Trump congratulated Russian President Vladimir Putin on his re-election despite the warnings from mult‚Ä¶ https://t.co/h6lKl6pY31,0.2235,0.106,0.894,0.0
@CNN,2018-03-20 23:52:03+00:00,"K-pop group Red Velvet will be part of a group of South Korean pop stars who will be performing in Pyongyang, North‚Ä¶ https://t.co/QvyWirWGBt",0.0,0.0,1.0,0.0
@CNN,2018-03-20 23:51:36+00:00,"RT @OutFrontCNN: ""We have left the homeland completely exposed,"" says Juliette Kayyem, former assistant secretary of the Department of Home‚Ä¶",0.0,0.0,1.0,0.0
@CNN,2018-03-20 23:47:26+00:00,Wreckage from a World War II cruiser sunk by a Japanese torpedo in 1942 has been discovered. Led by billionaire Pau‚Ä¶ https://t.co/J9ODULhsSY,-0.5994,0.0,0.83,0.17
@CNN,2018-03-20 23:41:59+00:00,Facebook is facing tough questions over how data on its users was obtained by a political data firm called Cambridg‚Ä¶ https://t.co/81FGxijeP3,-0.128,0.0,0.927,0.073
@CNN,2018-03-20 23:37:42+00:00,"The world's last male northern white rhino has died, leaving only two females to save the subspecies from extinctio‚Ä¶ https://t.co/vW5r7UfEcZ",-0.1027,0.129,0.726,0.145
@CNN,2018-03-20 23:32:06+00:00,US State Department officials say the Trump administration is considering expelling Russian diplomats over the pois‚Ä¶ https://t.co/guNzWnFRoS,-0.3818,0.0,0.86,0.14
@CNN,2018-03-20 23:27:07+00:00,"Republican Sen. Jeff Flake tweeted that if President Trump were to fire special counsel Robert Mueller, the ""only c‚Ä¶ https://t.co/Y4uybCK68g",0.0772,0.117,0.779,0.104
@CNN,2018-03-20 23:22:07+00:00,The cremated remains of notorious cult leader Charles Manson were scattered on a California hillside following a Ch‚Ä¶ https://t.co/4LNUZL5Me6,-0.4404,0.0,0.847,0.153
@CNN,2018-03-20 23:18:21+00:00,"RT @OutFrontCNN: President Trump congratulates Putin on re-election, provoking strong rebuke over why he didn't confront Putin over electio‚Ä¶",0.4621,0.213,0.707,0.08
@CNN,2018-03-20 23:17:06+00:00,"A longtime Fox News analyst sharply criticized the network on Tuesday, denouncing the outlet as a ""propaganda machi‚Ä¶ https://t.co/VbOHmw2Q50",-0.5423,0.0,0.769,0.231
@CNN,2018-03-20 23:12:06+00:00,Read Stormy Daniels' polygraph report https://t.co/WuYXRTew85 https://t.co/cjpBINepza,0.0,0.0,1.0,0.0
@CNN,2018-03-20 23:11:30+00:00,Sen. John McCain slams President Trump for congratulating Russian President Vladimir Putin on his election win: ‚ÄúAn‚Ä¶ https://t.co/IUNWf0OXnW,0.5859,0.183,0.817,0.0
@CNN,2018-03-20 23:07:04+00:00,Capitol Hill lawmakers are waiting anxiously for a $1.3 trillion spending bill to finally be released just days ahe‚Ä¶ https://t.co/EABHAwIAmn,-0.2263,0.0,0.905,0.095
@CNN,2018-03-20 23:02:06+00:00,This lone woman at a 1971 gathering of scientists sparked a flurry of amateur sleuthing on Twitter‚Ä¶ https://t.co/aO2fzUUYpm,-0.2732,0.0,0.877,0.123
@CNN,2018-03-20 22:57:04+00:00,"John Oliver's parody book about Vice President Mike Pence's family pet rabbit, Marlon Bundo, has sold out‚Ä¶ https://t.co/jm8BKDpJox",0.0,0.0,1.0,0.0
@CNN,2018-03-20 22:52:04+00:00,"There has been, on average, 1 school shooting every week this year https://t.co/W62G8EARHM https://t.co/y8sw1ljKWr",0.0,0.0,1.0,0.0
@CNN,2018-03-20 22:51:03+00:00,"RT @AC360: Exclusive: Karen McDougal, a former Playboy model who claims she had a 10-month affair with President Donald Trump, will speak w‚Ä¶",0.128,0.07,0.93,0.0
@CNN,2018-03-20 22:47:04+00:00,"Sudan, a northern white rhino and the last male of his subspecies, died Monday at the Ol Pejeta Conservancy in Keny‚Ä¶ https://t.co/AUqoY01747",-0.5574,0.0,0.847,0.153
@CNN,2018-03-20 22:42:05+00:00,"Facebook is confronting a crisis of public trust ""that is going to destroy the company,"" Mark Zuckerberg's former m‚Ä¶ https://t.co/jyozo56Zfa",-0.7096,0.12,0.545,0.335
@CNN,2018-03-20 22:38:03+00:00,"Amy Poehler's directorial debut will have wine and lots of ""SNL"" alums https://t.co/sPCHkb1n1U https://t.co/e4ef3AayV2",0.0,0.0,1.0,0.0
@CNN,2018-03-20 22:32:07+00:00,The Department of Health and Human Services has not updated the databases that show the public how much money the g‚Ä¶ https://t.co/CRsOm87zuM,0.0,0.0,1.0,0.0
@CNN,2018-03-20 22:28:10+00:00,"You can buy a reproduction of the Wall Street ""Fearless Girl"" statue for $6,500 https://t.co/bXrdagLI8z https://t.co/IBP6E0KOxL",0.4404,0.172,0.828,0.0
@CNN,2018-03-20 22:24:35+00:00,A liberal group staffer was arrested last week and charged with assaulting an aide to Interior Secretary Ryan Zinke‚Ä¶ https://t.co/kgdx2COPuy,-0.802,0.0,0.661,0.339
@CNN,2018-03-20 22:10:09+00:00,"3 Trump-related lawsuits: Porn star, Playboy model, harassment accuser | Analysis by CNN's Z. Byron Wolf‚Ä¶ https://t.co/tyE5kM0AKr",-0.6249,0.0,0.718,0.282
@CNN,2018-03-20 22:05:09+00:00,A family friend who took in the Parkland shooter says she forbid him to bring his guns into her home and warned pol‚Ä¶ https://t.co/fpfOQgL9am,-0.0516,0.116,0.725,0.159
@CNN,2018-03-20 22:00:11+00:00,Here's exactly how much trouble Cynthia Nixon can cause for Andrew Cuomo | Analysis by @CillizzaCNN‚Ä¶ https://t.co/mx4OV9VniK,-0.4019,0.0,0.847,0.153
@CNN,2018-03-20 21:55:05+00:00,An overheated engine oil warning caused a helicopter with Ivanka Trump and Jared Kushner onboard to make an unsched‚Ä¶ https://t.co/geZlBZo7v1,-0.34,0.0,0.882,0.118
@CNN,2018-03-20 21:52:29+00:00,The US Senate has blocked a war powers resolution that called for an end to US involvement in the Yemen conflict‚Ä¶ https://t.co/4W9T6HX2mu,-0.7184,0.0,0.76,0.24
@CNN,2018-03-20 21:51:54+00:00,At least 35 people were killed and scores wounded when a rocket struck a busy marketplace in a southeastern suburb‚Ä¶ https://t.co/utuiu9xmtr,-0.7579,0.0,0.711,0.289
@CNN,2018-03-20 21:50:06+00:00,Photos of an Afghan woman who nursed her baby while simultaneously taking a high-stakes exam have inspired some soc‚Ä¶ https://t.co/4Z6ZVx3R66,0.4939,0.151,0.849,0.0
@CNN,2018-03-20 21:45:06+00:00,"How Facebook, the ultimate disrupter, could be disrupted | By Emily Parker via @CNNOpinion https://t.co/bjfKUP84NS https://t.co/Rcf8lMRNvv",0.0,0.0,1.0,0.0
@CNN,2018-03-20 21:40:08+00:00,Doctors have a duty not to make the opioid crisis worse | By Robert Klitzman via @CNNOpinion https://t.co/XKcPVrxJfS https://t.co/9pnMj1Fbkb,-0.802,0.0,0.676,0.324
@CNN,2018-03-20 21:35:02+00:00,Several justices at the Supreme Court seemed skeptical of free speech implications of a California law that require‚Ä¶ https://t.co/L3WkTLBTK2,0.6808,0.285,0.62,0.095
@CNN,2018-03-20 21:30:05+00:00,"First lady Melania Trump addresses critics of her anti-cyberbullying campaign:  ""I have been criticized for my comm‚Ä¶ https://t.co/Hwdq6L6p9T",-0.5719,0.0,0.773,0.227
@CNN,2018-03-20 21:25:06+00:00,Republicans to Trump: Fire Mueller and risk ... not much | Analysis by CNN's Gregory Krieg https://t.co/kSFsAEBO4G https://t.co/DyUhIIr0fr,-0.5423,0.0,0.769,0.231
@CNN,2018-03-20 21:20:45+00:00,Rep. Eric Swalwell on President Trump congratulating Vladimir Putin for winning the Russian election: It‚Äôs like con‚Ä¶ https://t.co/C5r2z0dwu1,0.7096,0.269,0.731,0.0
@CNN,2018-03-20 21:19:25+00:00,RT @CNNnewsroom: Stormy Daniels' friend Alana Evans says both she and Daniels have received threats from people formerly in the adult film‚Ä¶,0.1027,0.123,0.769,0.108
@CNN,2018-03-20 21:13:34+00:00,"On Persian New Year, US President Trump slams Iranian rulers ""who serve themselves instead of serving the people""‚Ä¶ https://t.co/MNCOh24MbX",0.0,0.0,1.0,0.0
@CNN,2018-03-20 21:10:44+00:00,RT @TheLeadCNN: CNN's @jaketapper will interview former FBI Director James @Comey on April 19 https://t.co/uqLV47nwir https://t.co/9AzQsfVg‚Ä¶,0.0,0.0,1.0,0.0
@CNN,2018-03-20 21:09:27+00:00,House Speaker Paul Ryan says special counsel Robert Mueller should be free to follow through his investigation to i‚Ä¶ https://t.co/tShzYdJpuQ,0.7184,0.25,0.75,0.0
@CNN,2018-03-20 21:01:40+00:00,RT @TheLeadCNN: A package exploded at a FedEx facility just outside San Antonio early today; the FBI says it could be connected to the Aust‚Ä¶,0.0,0.0,1.0,0.0
@CNN,2018-03-20 21:00:40+00:00,"Cambridge Analytica, the data company Donald Trump's campaign hired during the 2016 presidential election, has been‚Ä¶ https://t.co/v4kDILMk5F",0.0,0.0,1.0,0.0
@CNN,2018-03-20 20:51:53+00:00,"Senate Majority Leader Mitch McConnell defends special counsel Robert Mueller: ""I agree with the President's lawyer‚Ä¶ https://t.co/IzFfH5shiw",0.6369,0.257,0.743,0.0
@CNN,2018-03-20 20:47:13+00:00,Sen. John McCain slams President Trump for congratulating Russian President Vladimir Putin on his election win: ‚ÄúAn‚Ä¶ https://t.co/jMOw7Judnu,0.5859,0.183,0.817,0.0
@CNN,2018-03-20 20:46:28+00:00,President Trump says he congratulated Vladimir Putin on winning the Russian presidential election‚Ä¶ https://t.co/LcOhHaTJLv,0.5267,0.207,0.793,0.0
@CNN,2018-03-20 20:36:25+00:00,"Just one day after Mississippi's governor signed a law banning abortions after 15 weeks, a federal judge issued an‚Ä¶ https://t.co/eji2mJZOaX",0.0,0.0,1.0,0.0
@CNN,2018-03-20 20:31:36+00:00,"""Seven months on from peak buzz regarding Zuckerberg's presidential possibilities -- which hit around August 2017 -‚Ä¶ https://t.co/2frOSbJIZS",0.0,0.0,1.0,0.0
@CNN,2018-03-20 20:28:22+00:00,RT @TheLeadCNN: President Trump says he congratulated Vladimir Putin on winning the Russian presidential election. Trump also spoke of a po‚Ä¶,0.5267,0.152,0.848,0.0
@CNN,2018-03-20 20:26:30+00:00,"The rapid response of a Maryland school's sole resource officer, Blaine Gaskill, was instrumental in bringing a sho‚Ä¶ https://t.co/nbhyaIjy6y",0.0,0.0,1.0,0.0
@CNN,2018-03-20 20:15:15+00:00,The FTC is sending a letter to Facebook with questions about how the social media company allowed the data of more‚Ä¶ https://t.co/trfXRMMSQD,0.0,0.0,1.0,0.0
@FoxNews,2018-03-21 03:27:22+00:00,"Illegal immigrants, who dodged California ICE raid after Dem mayor's tip-off, re-arrested for new crimes, per ICE o‚Ä¶ https://t.co/tqrYC3gNPZ",-0.5574,0.0,0.833,0.167
@FoxNews,2018-03-21 03:20:19+00:00,Deputy First Class Blaine Gaskill of the St. Mary's County Sheriff's Office was the school resource officer who eng‚Ä¶ https://t.co/ThSu0efPNM,0.0,0.0,1.0,0.0
@FoxNews,2018-03-21 03:19:42+00:00,Incendiary device found in package at Austin Goodwill; 1 man hurt https://t.co/Nwfi5eLe6N https://t.co/BkYf0LVjJJ,-0.5267,0.0,0.764,0.236
@FoxNews,2018-03-21 03:11:34+00:00,".@RepBrianMast on Austin bomber: ""It takes a little bit of guts to go out and do it because you're dealing with som‚Ä¶ https://t.co/jL3XsegKyw",0.0,0.0,1.0,0.0
@FoxNews,2018-03-21 03:08:39+00:00,".@BryanLlenas reports from Puerto Rico as electricity is slowly, but finally coming back on six months after Hurric‚Ä¶ https://t.co/wgZKDAs0M9",0.0,0.0,1.0,0.0
@FoxNews,2018-03-21 03:04:12+00:00,Germany at odds with US on condemning Hezbollah in Iran talks (via @BenWeinthal) https://t.co/Oz8VS1YxPD,0.0,0.0,1.0,0.0
@FoxNews,2018-03-21 03:02:28+00:00,".@SteveScalise: ""If you look at this bill, @POTUS will have the ability to defund sanctuary cities.""‚Ä¶ https://t.co/u6LS8cQtZ3",0.3182,0.126,0.874,0.0
@FoxNews,2018-03-21 03:02:14+00:00,"Coast Guard seizes 36,000 lbs. of cocaine during Pacific drug patrol https://t.co/2vrZbgom0x",0.0,0.0,1.0,0.0
@FoxNews,2018-03-21 02:47:59+00:00,"Official: ‚ÄúAfter our investigation on scene, we did determine that this was not an explosive device. This incident‚Ä¶ https://t.co/G74JHpOCaD",0.0,0.0,1.0,0.0
@FoxNews,2018-03-21 02:45:15+00:00,Official: ‚Äú[The package] had two small devices that were artillery simulators that looked like some type of militar‚Ä¶ https://t.co/Ow3cFoE4P9,0.3612,0.122,0.878,0.0
@FoxNews,2018-03-21 02:39:02+00:00,.@Austin_Police officials provide a statement on an incendiary device discovered at @AustinGoodwill Tuesday night t‚Ä¶ https://t.co/jUbNhXmCL6,0.0,0.0,1.0,0.0
@FoxNews,2018-03-21 02:31:30+00:00,"Terry Turchie: ""In a lot of these cases, the police themselves, law enforcement, they're the first on the scene, th‚Ä¶ https://t.co/wuT9nIMokF",0.0,0.0,1.0,0.0
@FoxNews,2018-03-21 02:10:53+00:00,".@caseystegall reports from Austin, Texas: ""It is a city on edge. People just don't know where the next call will c‚Ä¶ https://t.co/8rbz0Wp9cT",0.0,0.0,1.0,0.0
@FoxNews,2018-03-21 01:59:44+00:00,"Manny Gomez, Former FBI Special Agent on Austin, Texas package device suspect: ‚ÄúMy concern is when they zero in on‚Ä¶ https://t.co/uT1qBrq3F5",0.128,0.113,0.795,0.092
@FoxNews,2018-03-21 01:37:44+00:00,"Texas Attorney General @KenPaxtonTX on Austin, Texas package device suspect: ‚ÄúThere‚Äôs a lot of people looking for t‚Ä¶ https://t.co/7AE5vJQFgB",-0.296,0.0,0.885,0.115
@FoxNews,2018-03-21 01:27:28+00:00,"Manny Gomez, Former FBI Special Agent on incendiary device found in Austin, Texas: ‚ÄúCould it be a copycat that does‚Ä¶ https://t.co/tgaWGWRf7d",0.4019,0.124,0.876,0.0
@FoxNews,2018-03-21 01:19:34+00:00,".@dbongino on Austin, Texas package devices: ‚ÄúI‚Äôm not sure this is one person.‚Äù #Hannity https://t.co/PTtRDo1Hr3 https://t.co/HiQks0KwHb",-0.2411,0.0,0.884,0.116
@FoxNews,2018-03-21 01:16:58+00:00,UPDATE: Incendiary device found in package at Austin Goodwill; 1 man hurt https://t.co/PTtRDo1Hr3,-0.5267,0.0,0.764,0.236
@FoxNews,2018-03-21 00:55:45+00:00,"UPDATE: Package explosion at Austin Goodwill injures 1 man, sends feds racing https://t.co/DkEsgQlEfG",0.0,0.0,1.0,0.0
@FoxNews,2018-03-21 00:45:06+00:00,"RT @MikeEmanuelFox: Deadline looms as Congress works on funding bill-from #SpecialReport tonight:

https://t.co/Qrvvg0zT7n",-0.1531,0.0,0.882,0.118
@FoxNews,2018-03-21 03:27:22+00:00,"Illegal immigrants, who dodged California ICE raid after Dem mayor's tip-off, re-arrested for new crimes, per ICE o‚Ä¶ https://t.co/tqrYC3gNPZ",-0.5574,0.0,0.833,0.167
@FoxNews,2018-03-21 03:20:19+00:00,Deputy First Class Blaine Gaskill of the St. Mary's County Sheriff's Office was the school resource officer who eng‚Ä¶ https://t.co/ThSu0efPNM,0.0,0.0,1.0,0.0
@FoxNews,2018-03-21 03:19:42+00:00,Incendiary device found in package at Austin Goodwill; 1 man hurt https://t.co/Nwfi5eLe6N https://t.co/BkYf0LVjJJ,-0.5267,0.0,0.764,0.236
@FoxNews,2018-03-21 03:11:34+00:00,".@RepBrianMast on Austin bomber: ""It takes a little bit of guts to go out and do it because you're dealing with som‚Ä¶ https://t.co/jL3XsegKyw",0.0,0.0,1.0,0.0
@FoxNews,2018-03-21 03:08:39+00:00,".@BryanLlenas reports from Puerto Rico as electricity is slowly, but finally coming back on six months after Hurric‚Ä¶ https://t.co/wgZKDAs0M9",0.0,0.0,1.0,0.0
@FoxNews,2018-03-21 03:04:12+00:00,Germany at odds with US on condemning Hezbollah in Iran talks (via @BenWeinthal) https://t.co/Oz8VS1YxPD,0.0,0.0,1.0,0.0
@FoxNews,2018-03-21 03:02:28+00:00,".@SteveScalise: ""If you look at this bill, @POTUS will have the ability to defund sanctuary cities.""‚Ä¶ https://t.co/u6LS8cQtZ3",0.3182,0.126,0.874,0.0
@FoxNews,2018-03-21 03:02:14+00:00,"Coast Guard seizes 36,000 lbs. of cocaine during Pacific drug patrol https://t.co/2vrZbgom0x",0.0,0.0,1.0,0.0
@FoxNews,2018-03-21 02:47:59+00:00,"Official: ‚ÄúAfter our investigation on scene, we did determine that this was not an explosive device. This incident‚Ä¶ https://t.co/G74JHpOCaD",0.0,0.0,1.0,0.0
@FoxNews,2018-03-21 02:45:15+00:00,Official: ‚Äú[The package] had two small devices that were artillery simulators that looked like some type of militar‚Ä¶ https://t.co/Ow3cFoE4P9,0.3612,0.122,0.878,0.0
@FoxNews,2018-03-21 02:39:02+00:00,.@Austin_Police officials provide a statement on an incendiary device discovered at @AustinGoodwill Tuesday night t‚Ä¶ https://t.co/jUbNhXmCL6,0.0,0.0,1.0,0.0
@FoxNews,2018-03-21 02:31:30+00:00,"Terry Turchie: ""In a lot of these cases, the police themselves, law enforcement, they're the first on the scene, th‚Ä¶ https://t.co/wuT9nIMokF",0.0,0.0,1.0,0.0
@FoxNews,2018-03-21 02:10:53+00:00,".@caseystegall reports from Austin, Texas: ""It is a city on edge. People just don't know where the next call will c‚Ä¶ https://t.co/8rbz0Wp9cT",0.0,0.0,1.0,0.0
@FoxNews,2018-03-21 01:59:44+00:00,"Manny Gomez, Former FBI Special Agent on Austin, Texas package device suspect: ‚ÄúMy concern is when they zero in on‚Ä¶ https://t.co/uT1qBrq3F5",0.128,0.113,0.795,0.092
@FoxNews,2018-03-21 01:37:44+00:00,"Texas Attorney General @KenPaxtonTX on Austin, Texas package device suspect: ‚ÄúThere‚Äôs a lot of people looking for t‚Ä¶ https://t.co/7AE5vJQFgB",-0.296,0.0,0.885,0.115
@FoxNews,2018-03-21 01:27:28+00:00,"Manny Gomez, Former FBI Special Agent on incendiary device found in Austin, Texas: ‚ÄúCould it be a copycat that does‚Ä¶ https://t.co/tgaWGWRf7d",0.4019,0.124,0.876,0.0
@FoxNews,2018-03-21 01:19:34+00:00,".@dbongino on Austin, Texas package devices: ‚ÄúI‚Äôm not sure this is one person.‚Äù #Hannity https://t.co/PTtRDo1Hr3 https://t.co/HiQks0KwHb",-0.2411,0.0,0.884,0.116
@FoxNews,2018-03-21 01:16:58+00:00,UPDATE: Incendiary device found in package at Austin Goodwill; 1 man hurt https://t.co/PTtRDo1Hr3,-0.5267,0.0,0.764,0.236
@FoxNews,2018-03-21 00:55:45+00:00,"UPDATE: Package explosion at Austin Goodwill injures 1 man, sends feds racing https://t.co/DkEsgQlEfG",0.0,0.0,1.0,0.0
@FoxNews,2018-03-21 00:45:06+00:00,"RT @MikeEmanuelFox: Deadline looms as Congress works on funding bill-from #SpecialReport tonight:

https://t.co/Qrvvg0zT7n",-0.1531,0.0,0.882,0.118
@FoxNews,2018-03-21 00:40:00+00:00,.@POTUS: ‚ÄúWe always proudly stand for our national anthem.‚Äù https://t.co/0oqDWyCjkl,0.5574,0.286,0.714,0.0
@FoxNews,2018-03-21 00:34:00+00:00,".@POTUS: ‚ÄúThe economy‚Äôs, maybe, the best it‚Äôs ever been.‚Äù https://t.co/Up4A0VgLyo",0.6369,0.318,0.682,0.0
@FoxNews,2018-03-21 00:29:00+00:00,BREAKING: At least 1 hurt in new reported package explosion in southwestern Austin  https://t.co/Ry3kWMtnWH,-0.5267,0.0,0.779,0.221
@FoxNews,2018-03-21 00:16:54+00:00,".@POTUS: ‚ÄúSo many companies are moving back [to the U.S.]. They‚Äôre moving back, first time in many, many decades.‚Äù https://t.co/MMnvtgzo7X",0.0,0.0,1.0,0.0
@FoxNews,2018-03-21 00:13:32+00:00,".@POTUS: ‚ÄúWe have to have the wall for the drugs that are pouring into our country, and for the people that we don‚Äô‚Ä¶ https://t.co/ZJvrdVkgzk",0.0,0.0,1.0,0.0
@FoxNews,2018-03-21 00:01:59+00:00,".@POTUS: ‚ÄúFor the last 8 years, Democrats apologized for America. Republicans, on the other hand, are standing up f‚Ä¶ https://t.co/CkpPWDyOxW",0.6705,0.244,0.756,0.0
@FoxNews,2018-03-20 23:58:54+00:00,".@POTUS: ""America is safer and America is much stronger. Our military is now better funded, better equipped, and be‚Ä¶ https://t.co/JvSncRwMke",0.8807,0.412,0.588,0.0
@FoxNews,2018-03-20 23:52:31+00:00,".@POTUS: ""Republicans also repealed one of the nation's cruelest and most unfair taxes ever: the ObamaCare individu‚Ä¶ https://t.co/Cczltpu16l",-0.7902,0.0,0.696,0.304
@FoxNews,2018-03-20 23:47:45+00:00,".@POTUS: ""[Democrats] want to increase taxes. Maybe they'll call that tax reform."" https://t.co/cTseGH2j7v",0.3818,0.247,0.753,0.0
@FoxNews,2018-03-20 23:40:01+00:00,".@POTUS: ""We've created more than three million new jobs since the election and if we would have said that number p‚Ä¶ https://t.co/FmBdqpL2a5",0.3182,0.142,0.858,0.0
@FoxNews,2018-03-20 23:37:36+00:00,".@POTUS: ""Our Republican majority is one of the most successful in the history of the United States Congress."" https://t.co/GVpvgZehEl",0.7841,0.288,0.712,0.0
@FoxNews,2018-03-20 23:28:46+00:00,".@SpeakerRyan on @GOP message for constituents: ""If you re-elect us we will continue to push this economy higher, w‚Ä¶ https://t.co/KOvm2CNwUs",0.0,0.0,1.0,0.0
@FoxNews,2018-03-20 23:23:33+00:00,".@SpeakerRyan: ""Six million workers have received bonuses thanks to this [tax] law. These are real dollars that wor‚Ä¶ https://t.co/m1yFCjADvW",0.7579,0.277,0.723,0.0
@FoxNews,2018-03-20 23:15:56+00:00,".@SpeakerRyan: ""A year ago we came together and we talked about all the great things that this new, unified Republi‚Ä¶ https://t.co/zEDkkS8hPU",0.7717,0.261,0.739,0.0
@FoxNews,2018-03-20 23:12:42+00:00,.@POTUS delivers remarks at the National Republican Congressional Committee March Dinner. https://t.co/SxjXuLvEEU,0.0,0.0,1.0,0.0
@FoxNews,2018-03-20 23:09:00+00:00,RT @BretBaier: On April 26th I will sit down with former FBI Director  James Comey--tweet your questions for @Comey to me here. #SpecialRep‚Ä¶,0.0,0.0,1.0,0.0
@FoxNews,2018-03-20 23:06:24+00:00,"#Trump lambasts Dems on sanctuary cities, saying their 'priority is to protect criminals' https://t.co/kC4KcKi1AV",-0.2732,0.142,0.656,0.202
@FoxNews,2018-03-20 23:02:36+00:00,".@JonahNRO: ""The administration actually has been quite tough on Russia. Donald Trump hasn't been rhetorically, and‚Ä¶ https://t.co/4vEzjH3Fsh",-0.2006,0.0,0.899,0.101
@FoxNews,2018-03-20 22:49:36+00:00,'Don't Go There': @JeffFlake Warns of Impeachment Proceedings If #Trump Fires Mueller https://t.co/K0GtBPceow,-0.1027,0.0,0.896,0.104
@FoxNews,2018-03-20 22:44:04+00:00,".@BretBaier asks Saudi Foreign Minister Adel al-Jubeir, ""Will Saudi [Arabia] become a nuclear power?""‚Ä¶ https://t.co/NeznvHOtQ1",0.0,0.0,1.0,0.0
@FoxNews,2018-03-20 22:37:41+00:00,"""We support President #Trump's policies, with regards to Iran, completely. We believe they are the right policies.‚Ä¶ https://t.co/zVxeqVnZrw",0.4019,0.137,0.863,0.0
@FoxNews,2018-03-20 22:28:52+00:00,Deputy First Class Blaine Gaskill of the St. Mary's County Sheriff's Office was the school resource officer who eng‚Ä¶ https://t.co/z6SOIcZedu,0.0,0.0,1.0,0.0
@FoxNews,2018-03-20 22:25:23+00:00,"""President #Trump deserves a lot of credit for taking the Saudi-American relationship to greater heights."" ‚Äî Saudi‚Ä¶ https://t.co/bMBEErWVQj",0.6249,0.267,0.733,0.0
@FoxNews,2018-03-20 22:11:14+00:00,Stormy Daniels offers proof she passed polygraph as Playboy model Karen McDougal sues to end silence on #Trump https://t.co/GN2CbkuMJc,0.0,0.0,1.0,0.0
@FoxNews,2018-03-20 22:07:04+00:00,".@FLOTUS: ""I‚Äôm here with one goal: helping children in our next generation."" At a roundtable on cyberbullying Tuesd‚Ä¶ https://t.co/lFyfHxx6nr",0.296,0.115,0.885,0.0
@FoxNews,2018-03-20 21:56:58+00:00,.@JesseBWatters: ‚ÄúI still like the idea of humans driving because I think driving involves the human touch. It invo‚Ä¶ https://t.co/thZfAAFaW7,0.3612,0.122,0.878,0.0
@FoxNews,2018-03-20 21:45:22+00:00,.@cvpayne on @foxandfriends: ‚ÄúEverywhere where progressives have been in control‚Ä¶they are the worst places in this‚Ä¶ https://t.co/f3NPwAqdZR,-0.6249,0.0,0.796,0.204
@FoxNews,2018-03-20 21:37:41+00:00,".@kimguilfoyle on law enforcement response to Parkland suspect: ‚ÄúIf the intention is there, and you do not see that‚Ä¶ https://t.co/npAlC15KR1",-0.296,0.0,0.896,0.104
@FoxNews,2018-03-20 21:29:32+00:00,"100-year-old runner, a World War II vet, sets five new world track records https://t.co/0mJ8ZVGtX4",-0.5994,0.0,0.755,0.245
@FoxNews,2018-03-20 21:17:59+00:00,".@JesseBWatters on potential Texas package bomb suspect: ‚ÄúTo me, it looks like a serial killer that doesn‚Äôt want to‚Ä¶ https://t.co/vOL9BCwUUn",-0.7845,0.138,0.509,0.353
@FoxNews,2018-03-20 21:08:59+00:00,Jim Carrey's latest controversial painting goes after Mark Zuckerberg https://t.co/YPEmosnQGI,-0.2023,0.0,0.833,0.167
@FoxNews,2018-03-20 20:54:42+00:00,"Illegal immigrants, who dodged California ICE raid after Dem mayor's tip-off, re-arrested for new crimes, per ICE o‚Ä¶ https://t.co/gmpgLGLOjn",-0.5574,0.0,0.833,0.167
@FoxNews,2018-03-20 20:44:34+00:00,Man charged after child pornography stash found in remote 'gingerbread treehouse' https://t.co/35pWbMICN6,-0.2023,0.0,0.859,0.141
@FoxNews,2018-03-20 20:27:08+00:00,MA Lawmaker: Rename 'General Hooker' Entrance at State House https://t.co/Sg4BFJ5NBT,0.0,0.0,1.0,0.0
@FoxNews,2018-03-20 20:24:28+00:00,".@RandPaul on politicization of the @FBI: ""I think that people are doubting the Mueller investigation, they're doub‚Ä¶ https://t.co/Z7g1z0k3ZV",-0.34,0.0,0.876,0.124
@FoxNews,2018-03-20 20:15:04+00:00,Pennsylvania college student's body found at base of 'significant drop' in Bermuda https://t.co/u63tB1YkCV,-0.0772,0.121,0.738,0.141
@FoxNews,2018-03-20 20:12:41+00:00,"O'Toole on TX serial bomber: ""When you see someone who's escalated in their activity, they can make mistakes and th‚Ä¶ https://t.co/9ZnQE8bZHf",0.186,0.131,0.768,0.101
@FoxNews,2018-03-20 20:00:03+00:00,.@PressSec: ‚ÄúSanctuary cities are a dangerous thing‚Ä¶When cities start picking and choosing laws that they want to f‚Ä¶ https://t.co/1IftAhvZ11,-0.4215,0.064,0.784,0.152
@FoxNews,2018-03-20 19:48:00+00:00,Cambridge Analytica suspends CEO amid ongoing investigation https://t.co/cZahhrIwBK,0.0,0.0,1.0,0.0
@FoxNews,2018-03-20 19:40:00+00:00,Judge temporarily blocks Mississippi's 15-week abortion ban https://t.co/lICLjs5Jkg,-0.6705,0.0,0.522,0.478
@FoxNews,2018-03-20 19:33:00+00:00,Standoff underway with gunman at Panera Bread near Princeton University https://t.co/17HF0KDZpc,0.0,0.0,1.0,0.0
@FoxNews,2018-03-20 19:25:13+00:00,"Southern California town stands up to state, votes to reject sanctuary law https://t.co/UCWhWd0DR2 https://t.co/MaTtdjwTLd",-0.4019,0.0,0.828,0.172
@FoxNews,2018-03-20 19:20:15+00:00,"Obama 2012 campaign 'sucked' data from Facebook, former official says https://t.co/uwr2aNQvJm",0.0,0.0,1.0,0.0
@FoxNews,2018-03-20 19:04:13+00:00,"Texas bomber is 'very sick,' 'we will get to the bottom of it,' #Trump says
  https://t.co/aMQSluJKd8",0.0,0.0,1.0,0.0
@FoxNews,2018-03-20 18:54:48+00:00,".@POTUS: ""My priority and the priority of my administration is to serve, protect, and defend the citizens of the Un‚Ä¶ https://t.co/R8dS17CB2W",0.3818,0.115,0.885,0.0
@FoxNews,2018-03-20 18:31:45+00:00,".@POTUS: ""Democrats' priority is to protect criminals, not to do what's right for our country."" https://t.co/fTUaDMFjPQ",-0.2732,0.128,0.69,0.182
@FoxNews,2018-03-20 18:29:18+00:00,".@POTUS on sanctuary cities: ""We're looking to have safe cities."" https://t.co/6AY6AcDl2k",0.4404,0.225,0.775,0.0
@FoxNews,2018-03-20 18:28:09+00:00,".@POTUS: ""Sanctuary cities and states like California put Americans at the mercy of hardened criminals."" https://t.co/Eu5NBfRrHc",0.6124,0.263,0.737,0.0
@FoxNews,2018-03-20 18:23:08+00:00,.@POTUS hosts a law enforcement roundtable on sanctuary cities https://t.co/glcoatPpJ0,0.0,0.0,1.0,0.0
@FoxNews,2018-03-20 18:15:32+00:00,.@PressSec: ‚ÄúThe president has been very clear about the fact that there was no collusion between his campaign and‚Ä¶ https://t.co/pegl4CWkF6,0.1761,0.125,0.779,0.095
@FoxNews,2018-03-20 18:10:43+00:00,.@PressSec: ‚ÄúWe want to continue to have a dialogue with Russia.‚Äù https://t.co/yMGUy8RMq6,0.0772,0.115,0.885,0.0
@FoxNews,2018-03-20 18:09:42+00:00,.@PressSec on Texas bombings and Maryland school shooting: ‚ÄúOur thoughts and prayers are with the victims involved‚Ä¶ https://t.co/ktpF9xU9DW,-0.3182,0.0,0.881,0.119
@FoxNews,2018-03-20 18:04:57+00:00,.@PressSec: ‚ÄúSanctuary jurisdictions release thousands of criminal aliens out of our prisons and jails and back int‚Ä¶ https://t.co/7gRmhrSju7,-0.5267,0.0,0.833,0.167
@FoxNews,2018-03-20 18:01:27+00:00,"RT @FoxBusiness: .@PressSec: ""The @POTUS was proud to issue a proclamation declaring today the 45th annual Ag Day."" https://t.co/gLBI1Ezdms",0.4767,0.154,0.846,0.0
@FoxNews,2018-03-20 17:54:26+00:00,.@PressSec Sarah Sanders holds a briefing.  https://t.co/jrv6A3E2QF,0.0,0.0,1.0,0.0
@FoxNews,2018-03-20 17:45:00+00:00,"Trump: Texas bomber is 'very sick,' says 'we will get to the bottom of it' https://t.co/SbphlBjk9v https://t.co/B6wwp7YDu6",0.0,0.0,1.0,0.0
@FoxNews,2018-03-20 17:42:56+00:00,VIDEO: Tempers Flare as California City Opts Out of State's Sanctuary Law https://t.co/3OqABttkCi,-0.3182,0.0,0.839,0.161
@FoxNews,2018-03-20 17:30:21+00:00,Maryland Governor @LarryHogan: ‚ÄúOur hearts are broken. We‚Äôre extremely saddened.‚Äù https://t.co/fQM8o6NGry https://t.co/jwVQXV9O6r,-0.4767,0.0,0.78,0.22
@FoxNews,2018-03-20 17:24:57+00:00,News conference underway on Maryland school shooting https://t.co/fQM8o6NGry https://t.co/yln8IxxNZb,0.0,0.0,1.0,0.0
@FoxNews,2018-03-20 17:15:44+00:00,"Breaking News: Minneapolis cop who fatally shot unarmed Australian woman in 2017 turns himself in, charged with mur‚Ä¶ https://t.co/CpmXiihkWq",-0.7184,0.0,0.739,0.261
@nytimes,2018-03-21 03:23:03+00:00,RT @liamstack: A neo-Nazi who ran unopposed in the primary is now officially the Republican congressional nominee for a district that conta‚Ä¶,0.0,0.0,1.0,0.0
@nytimes,2018-03-21 03:18:06+00:00,"At 26, the Cuban artist Belkis Ay√≥n was invited to show at the Venice Biennale in Italy. But first, she had to get‚Ä¶ https://t.co/zfWGyaSuf9",0.0,0.0,1.0,0.0
@nytimes,2018-03-21 03:02:06+00:00,"Ralph Peters, a retired lieutenant colonel, quit his job as an analyst at Fox News, saying he was ""ashamed"" of what‚Ä¶ https://t.co/Ye8MhwaAVg",0.0,0.0,1.0,0.0
@nytimes,2018-03-21 02:48:05+00:00,"As the manhunt for a serial bomber in Austin, Texas, continues, officials said an ""incendiary device"" reported Tues‚Ä¶ https://t.co/mEMRYMeIyr",0.0,0.0,1.0,0.0
@nytimes,2018-03-21 02:32:03+00:00,A New York State judge ruled that a former contestant on ‚ÄúThe Apprentice‚Äù can proceed with her lawsuit against Pres‚Ä¶ https://t.co/zzpDTPJHKg,-0.2263,0.0,0.905,0.095
@nytimes,2018-03-21 02:17:04+00:00,"RT @nytpolitics: In preparing President Trump for his call with Vladimir Putin, an aide wrote on his briefing materials, ‚ÄúDO NOT CONGRATULA‚Ä¶",0.0,0.0,1.0,0.0
@nytimes,2018-03-21 02:02:03+00:00,Illinois primary election live results https://t.co/LHBdHTt5BE,0.0,0.0,1.0,0.0
@nytimes,2018-03-21 01:47:05+00:00,"‚ÄúYour head is in the sand about racial bias and racial discrimination,‚Äù Rep. Barbara Lee said to Education Secretar‚Ä¶ https://t.co/C3CJyHxWyC",-0.1027,0.0,0.931,0.069
@nytimes,2018-03-21 01:32:04+00:00,Just 2 female northern white rhinos remain. But scientists are hoping to resurrect the population with advanced ste‚Ä¶ https://t.co/WzuRArbdZq,0.5859,0.231,0.769,0.0
@nytimes,2018-03-21 01:18:06+00:00,"It was Charlie Bucket‚Äôs first trip to the movies ‚Äî to see ‚ÄúIsle of Dogs.‚Äù Looking sharp in a flowered bow tie, he g‚Ä¶ https://t.co/aqYIPbzs6X",0.0,0.0,1.0,0.0
@nytimes,2018-03-21 01:07:08+00:00,"RT @NYTNational: The Illinois Republican Party chairman denounced Arthur Jones as ""a Nazi whose disgusting, bigoted views have no place in‚Ä¶",-0.4404,0.103,0.684,0.213
@nytimes,2018-03-21 01:02:07+00:00,Evening Briefing: Here's what you need to know at the end of the day https://t.co/qYnfxZtXpd,0.0,0.0,1.0,0.0
@nytimes,2018-03-21 00:48:06+00:00,Illinois primary election live results https://t.co/xRH0fGJRIU,0.0,0.0,1.0,0.0
@nytimes,2018-03-21 00:44:50+00:00,"RT @NYTNational: The Austin police responded to a reported explosion and injury at a strip mall on Tuesday evening, apparently the 7th bomb‚Ä¶",-0.4215,0.0,0.877,0.123
@nytimes,2018-03-21 00:32:03+00:00,"A longtime analyst for Fox News is leaving the network, saying he could not ‚Äúin good conscience‚Äù remain with an org‚Ä¶ https://t.co/DR3F5AlHrl",-0.3412,0.0,0.893,0.107
@nytimes,2018-03-21 00:17:04+00:00,RT @nytopinion: President Trump has publicly gone after almost every category of person imaginable. But not Stormy Daniels. Why? https://t.‚Ä¶,0.0,0.0,1.0,0.0
@nytimes,2018-03-21 00:02:05+00:00,Keep this page open for Illinois primary election results when they come in https://t.co/6oDUzKQwfC,0.0,0.0,1.0,0.0
@nytimes,2018-03-20 23:47:07+00:00,"Education Secretary Betsy DeVos has clashed with staff members over a reorganization plan, which they say she tried‚Ä¶ https://t.co/0z1zuUsuTU",0.0,0.0,1.0,0.0
@nytimes,2018-03-20 23:32:05+00:00,"How researchers learned to use Facebook ""likes"" to sway your thinking https://t.co/2F4xre9ubW",0.0,0.0,1.0,0.0
@nytimes,2018-03-20 23:17:05+00:00,"RT @sahiltner: In the mid 1950s, Mepkin Abbey, a Trappist monastery in South Carolina, was brimming with monks ‚Äî 55 at its peak. Today, onl‚Ä¶",0.0,0.0,1.0,0.0
@nytimes,2018-03-21 03:23:03+00:00,RT @liamstack: A neo-Nazi who ran unopposed in the primary is now officially the Republican congressional nominee for a district that conta‚Ä¶,0.0,0.0,1.0,0.0
@nytimes,2018-03-21 03:18:06+00:00,"At 26, the Cuban artist Belkis Ay√≥n was invited to show at the Venice Biennale in Italy. But first, she had to get‚Ä¶ https://t.co/zfWGyaSuf9",0.0,0.0,1.0,0.0
@nytimes,2018-03-21 03:02:06+00:00,"Ralph Peters, a retired lieutenant colonel, quit his job as an analyst at Fox News, saying he was ""ashamed"" of what‚Ä¶ https://t.co/Ye8MhwaAVg",0.0,0.0,1.0,0.0
@nytimes,2018-03-21 02:48:05+00:00,"As the manhunt for a serial bomber in Austin, Texas, continues, officials said an ""incendiary device"" reported Tues‚Ä¶ https://t.co/mEMRYMeIyr",0.0,0.0,1.0,0.0
@nytimes,2018-03-21 02:32:03+00:00,A New York State judge ruled that a former contestant on ‚ÄúThe Apprentice‚Äù can proceed with her lawsuit against Pres‚Ä¶ https://t.co/zzpDTPJHKg,-0.2263,0.0,0.905,0.095
@nytimes,2018-03-21 02:17:04+00:00,"RT @nytpolitics: In preparing President Trump for his call with Vladimir Putin, an aide wrote on his briefing materials, ‚ÄúDO NOT CONGRATULA‚Ä¶",0.0,0.0,1.0,0.0
@nytimes,2018-03-21 02:02:03+00:00,Illinois primary election live results https://t.co/LHBdHTt5BE,0.0,0.0,1.0,0.0
@nytimes,2018-03-21 01:47:05+00:00,"‚ÄúYour head is in the sand about racial bias and racial discrimination,‚Äù Rep. Barbara Lee said to Education Secretar‚Ä¶ https://t.co/C3CJyHxWyC",-0.1027,0.0,0.931,0.069
@nytimes,2018-03-21 01:32:04+00:00,Just 2 female northern white rhinos remain. But scientists are hoping to resurrect the population with advanced ste‚Ä¶ https://t.co/WzuRArbdZq,0.5859,0.231,0.769,0.0
@nytimes,2018-03-21 01:18:06+00:00,"It was Charlie Bucket‚Äôs first trip to the movies ‚Äî to see ‚ÄúIsle of Dogs.‚Äù Looking sharp in a flowered bow tie, he g‚Ä¶ https://t.co/aqYIPbzs6X",0.0,0.0,1.0,0.0
@nytimes,2018-03-21 01:07:08+00:00,"RT @NYTNational: The Illinois Republican Party chairman denounced Arthur Jones as ""a Nazi whose disgusting, bigoted views have no place in‚Ä¶",-0.4404,0.103,0.684,0.213
@nytimes,2018-03-21 01:02:07+00:00,Evening Briefing: Here's what you need to know at the end of the day https://t.co/qYnfxZtXpd,0.0,0.0,1.0,0.0
@nytimes,2018-03-21 00:48:06+00:00,Illinois primary election live results https://t.co/xRH0fGJRIU,0.0,0.0,1.0,0.0
@nytimes,2018-03-21 00:44:50+00:00,"RT @NYTNational: The Austin police responded to a reported explosion and injury at a strip mall on Tuesday evening, apparently the 7th bomb‚Ä¶",-0.4215,0.0,0.877,0.123
@nytimes,2018-03-21 00:32:03+00:00,"A longtime analyst for Fox News is leaving the network, saying he could not ‚Äúin good conscience‚Äù remain with an org‚Ä¶ https://t.co/DR3F5AlHrl",-0.3412,0.0,0.893,0.107
@nytimes,2018-03-21 00:17:04+00:00,RT @nytopinion: President Trump has publicly gone after almost every category of person imaginable. But not Stormy Daniels. Why? https://t.‚Ä¶,0.0,0.0,1.0,0.0
@nytimes,2018-03-21 00:02:05+00:00,Keep this page open for Illinois primary election results when they come in https://t.co/6oDUzKQwfC,0.0,0.0,1.0,0.0
@nytimes,2018-03-20 23:47:07+00:00,"Education Secretary Betsy DeVos has clashed with staff members over a reorganization plan, which they say she tried‚Ä¶ https://t.co/0z1zuUsuTU",0.0,0.0,1.0,0.0
@nytimes,2018-03-20 23:32:05+00:00,"How researchers learned to use Facebook ""likes"" to sway your thinking https://t.co/2F4xre9ubW",0.0,0.0,1.0,0.0
@nytimes,2018-03-20 23:17:05+00:00,"RT @sahiltner: In the mid 1950s, Mepkin Abbey, a Trappist monastery in South Carolina, was brimming with monks ‚Äî 55 at its peak. Today, onl‚Ä¶",0.0,0.0,1.0,0.0
@nytimes,2018-03-20 23:02:05+00:00,One NYT reader's reaction to dogs attending a screening of Wes Anderson's new movie about dogs‚Ä¶ https://t.co/jIBdEeW2zk,0.0,0.0,1.0,0.0
@nytimes,2018-03-20 22:47:03+00:00,Evening Briefing: Here's what you need to know at the end of the day https://t.co/ohrdsqS81Y,0.0,0.0,1.0,0.0
@nytimes,2018-03-20 22:32:06+00:00,"‚ÄúPlease buy it for your children, buy it for any child you know or buy it because you know it would annoy Mike Penc‚Ä¶ https://t.co/X8k7ZhUZnU",-0.4404,0.0,0.892,0.108
@nytimes,2018-03-20 22:17:05+00:00,"At 26, the Cuban artist Belkis Ay√≥n was invited to show at the Venice Biennale in Italy. She was determined to make‚Ä¶ https://t.co/DtLUgMs8TN",0.34,0.098,0.902,0.0
@nytimes,2018-03-20 22:02:04+00:00,"Schools will be closed tomorrow in New York City, the mayor said, in anticipation of a storm projected to drop a fo‚Ä¶ https://t.co/Ynso9dr7fp",-0.1779,0.062,0.844,0.093
@nytimes,2018-03-20 21:47:06+00:00,"Munich prosecutors have raided BMW's headquarters, looking for evidence of possible emissions cheating https://t.co/gkN30cFsHi",-0.5574,0.0,0.783,0.217
@nytimes,2018-03-20 21:38:03+00:00,RT @PamelaPaulNYT: This is the story of a little gay bunny. https://t.co/qtlugDsWpt,0.0,0.0,1.0,0.0
@nytimes,2018-03-20 21:26:06+00:00,Want to dine with major-league baseball players? Go to this supermarket cafeteria. (Order the stewed oxtail.) https://t.co/9Qa5ePQKJo,0.0772,0.075,0.925,0.0
@nytimes,2018-03-20 21:10:03+00:00,A former Playboy model who says she had an affair with Donald Trump is suing to be freed from a 2016 legal deal req‚Ä¶ https://t.co/v2h3GgTK3A,0.2732,0.16,0.76,0.08
@nytimes,2018-03-20 20:55:09+00:00,"Slammed in September by Hurricanes Irma and Maria, this lush, wild bit of Puerto Rico is still recovering https://t.co/2UXI4pxU1Z",0.0,0.0,1.0,0.0
@nytimes,2018-03-20 20:40:07+00:00,"Growing hops for beer is resource-intensive, and farmers can‚Äôt keep up. So scientists engineered yeast that can hel‚Ä¶ https://t.co/wz43aA0qcy",0.1779,0.086,0.914,0.0
@nytimes,2018-03-20 20:25:03+00:00,Peter G. Peterson has died at 91. The billionaire financier and philanthropist combined a spectacular career in ind‚Ä¶ https://t.co/NXeVRJCS52,-0.5574,0.0,0.825,0.175
@nytimes,2018-03-20 20:18:08+00:00,"""When I deployed to Iraq in 2003, there was no war. We had to start it,"" a former Marine Corps tanker writes https://t.co/afxjBT5yZe",-0.7269,0.0,0.757,0.243
@nytimes,2018-03-20 20:08:04+00:00,"Ben Carson on the $31,000 dining room set: ""I left it to my wife, you know, to choose something"" https://t.co/M2Xy9eqfUW",0.0,0.0,1.0,0.0
@nytimes,2018-03-20 19:58:04+00:00,"RT @ByJamesWagner: On a supermarket and cafeteria that has fed many Mets players over the years, and provided much more: https://t.co/7Z3hd‚Ä¶",0.0,0.0,1.0,0.0
@nytimes,2018-03-20 19:48:02+00:00,Melania Trump wants to end cyberbullying. Here are the times her husband's behavior on Twitter has clashed with tha‚Ä¶ https://t.co/VTEVKENZOm,0.0,0.0,1.0,0.0
@nytimes,2018-03-20 19:46:55+00:00,"Cambridge Analytica, the data firm with ties to the Trump campaign, suspended its CEO as regulators investigate its‚Ä¶ https://t.co/bUeKs74kcZ",-0.4767,0.0,0.853,0.147
@nytimes,2018-03-20 19:38:26+00:00,RT @NYTScience: Humans interbred with Neanderthals. Migrants from what is now Taiwan settled much of the remote Pacific. Once we knew littl‚Ä¶,0.0,0.0,1.0,0.0
@nytimes,2018-03-20 19:28:06+00:00,"President Trump welcomed Saudi Arabia‚Äôs crown prince to the White House, reaffirming his endorsement of an ambitiou‚Ä¶ https://t.co/i9PoQGBqNr",0.5719,0.227,0.773,0.0
@nytimes,2018-03-20 19:19:51+00:00,"Great Mills High School shooting updates:
‚Ä¢ The suspect, Austin Wyatt Rollins, 17, was confirmed dead
‚Ä¢ 16-year-old‚Ä¶ https://t.co/Fb2juqoZBU",-0.34,0.167,0.569,0.264
@nytimes,2018-03-20 19:18:05+00:00,The Minneapolis police officer who fatally shot an Australian woman last summer has been charged with murder https://t.co/ekXNYDvhch,-0.8934,0.0,0.584,0.416
@nytimes,2018-03-20 19:08:05+00:00,"RT @nytgraphics: How a self-driving Uber killed a pedestrian in Arizona.
https://t.co/Lkpqvmwfmu",-0.6997,0.0,0.653,0.347
@nytimes,2018-03-20 18:58:06+00:00,Authorities are scrambling for clues that could connect a package that exploded in San Antonio to the explosions in‚Ä¶ https://t.co/vDdsdRmsxK,0.0,0.0,1.0,0.0
@nytimes,2018-03-20 18:52:42+00:00,This is a story about dogs at the movies https://t.co/8afzOXv0C1 https://t.co/U6jURj2LPl,0.0,0.0,1.0,0.0
@nytimes,2018-03-20 18:48:05+00:00,A California law that requires ‚Äúcrisis pregnancy centers‚Äù to provide information about abortion met a skeptical rec‚Ä¶ https://t.co/rebHavwlUR,-0.3182,0.0,0.867,0.133
@nytimes,2018-03-20 18:38:03+00:00,"RT @nytimesworld: As the number of mountaineers winding through the Everest region has multiplied, so has the trash ‚Äî beer bottles, food ca‚Ä¶",0.0772,0.058,0.942,0.0
@nytimes,2018-03-20 18:28:05+00:00,RT @nytopinion: Running across a person who had committed genocide was always a possibility in Argentina in the 1990s https://t.co/5RTwC8va‚Ä¶,0.2732,0.11,0.89,0.0
@nytimes,2018-03-20 18:18:04+00:00,"If you liked Kim Kardashian on Facebook, researchers can tell how extroverted (very), conscientious (more than most‚Ä¶ https://t.co/Cj11Mh00Kf",0.4215,0.141,0.859,0.0
@nytimes,2018-03-20 18:08:21+00:00,"Cynthia Nixon, on her first full day as a candidate, wasted no time in confronting Gov. Cuomo in sharp and personal‚Ä¶ https://t.co/dAknK25Uvi",-0.7184,0.0,0.72,0.28
@nytimes,2018-03-20 17:58:03+00:00,"A Trump administration proposal would limit the ability of the U.S., Mexico and Canada to warn consumers about the‚Ä¶ https://t.co/EcOckxj3e3",0.2263,0.111,0.821,0.068
@nytimes,2018-03-20 17:48:02+00:00,"RT @nytimesarts: The story of ""Roxanne's Revenge"" and Roxanne Shant√©, who paved the way for Foxy Brown, Lil' Kim, Cardi B and others https:‚Ä¶",-0.5267,0.0,0.866,0.134
@nytimes,2018-03-20 17:41:09+00:00,RT @jimrutenberg: EXCLUSIVE/BREAKING: Former Playboy model Karen McDougal sues to get out of ‚Äúcatch and kill‚Äù deal with National Enquirer p‚Ä¶,0.0,0.0,1.0,0.0
@nytimes,2018-03-20 17:35:50+00:00,A former Playboy model who claimed she had an affair with Donald Trump is suing to be freed from a 2016 legal deal‚Ä¶ https://t.co/0aeHzdcgS8,0.2732,0.166,0.751,0.083
@nytimes,2018-03-20 17:32:06+00:00,Their pay has stood still. Now Oklahoma teachers could be the next to walk. https://t.co/vCjft7hP9f,-0.1027,0.0,0.909,0.091
@nytimes,2018-03-20 17:22:07+00:00,An NYC agency has documented every instance it believes it has caught an police officer lying. But of the 81 cases‚Ä¶ https://t.co/DsQTOBOveR,-0.5267,0.0,0.861,0.139
@nytimes,2018-03-20 17:06:41+00:00,"Breaking News: President Trump called Vladimir Putin to congratulate him for his re-election victory, days after th‚Ä¶ https://t.co/OlTzbOBXZ6",0.4939,0.158,0.842,0.0
@nytimes,2018-03-20 17:02:05+00:00,"RT @jeligon: ‚ÄúOne of the most popular liberal post-racial ideas is the idea that the fundamental problem is class and not race, and clearly‚Ä¶",0.101,0.111,0.792,0.097
@nytimes,2018-03-20 16:55:48+00:00,"‚Ä¢ The shooting suspect in the Great Mills high school shooting has been confirmed dead.
‚Ä¢ Two students were injured‚Ä¶ https://t.co/pvsZWuCHWZ",-0.34,0.154,0.602,0.244
@nytimes,2018-03-20 16:52:05+00:00,Mississippi's governor is expected to pick the state's agricultural commissioner ‚Äî who would be the first woman to‚Ä¶ https://t.co/w8trN1KI4m,0.0,0.0,1.0,0.0
@nytimes,2018-03-20 16:42:04+00:00,"Next month, the U.S. economic recovery will become the second-longest on record. Here's how it might end. https://t.co/2mLbMtzQCy",0.0,0.0,1.0,0.0
@nytimes,2018-03-20 16:32:05+00:00,Are you ready to quit Facebook? (From March 2017) https://t.co/AJ0vqx0nui,0.3612,0.217,0.783,0.0
@nytimes,2018-03-20 16:22:24+00:00,"Larry Kwong, the NHL's first player of Asian descent, has died at 94. He played only one game in 1948, but that was‚Ä¶ https://t.co/h5RRO4pGmH",-0.1531,0.065,0.846,0.088
@nytimes,2018-03-20 16:12:05+00:00,"Canada's outdoor rinks are melting. And with them, so is a way of life. https://t.co/lilvF3C3kS",0.0,0.0,1.0,0.0
@nytimes,2018-03-20 16:02:04+00:00,RT @nytlizrobbins: Is he New York state's Joe Arpaio? A lone New York sheriff signs up to aid immigration crackdown. He says it's for publi‚Ä¶,-0.2732,0.0,0.916,0.084
@nytimes,2018-03-20 15:52:08+00:00,"La Borinque√±a, a Puerto Rican heroine, will be fighting alongside Wonder Woman, Batman, Superman and other DC Comic‚Ä¶ https://t.co/gXwfwlBS3T",0.296,0.167,0.721,0.113
@nytimes,2018-03-20 15:42:03+00:00,"RT @nytpolitics: Ben Carson told a House committee he failed to adhere to a federal spending cap for the purchase of a $31,000 mahogany din‚Ä¶",-0.5106,0.0,0.864,0.136
@nytimes,2018-03-20 15:38:33+00:00,"Ben Carson said the purchase of a $31,000 dining room set for his office wasn't about decoration. It was about safe‚Ä¶ https://t.co/ZLE7c2NQuY",0.0,0.0,1.0,0.0
@nytimes,2018-03-20 15:32:04+00:00,"Andrew McCabe, the former FBI deputy director, was fired late Friday night ‚Äî on the eve of his retirement. Here‚Äôs w‚Ä¶ https://t.co/g8NhNgTWtL",-0.5574,0.0,0.847,0.153
@nytimes,2018-03-20 15:22:05+00:00,The last male northern white rhino in the world has died. Just 2 northern white rhinos now remain. https://t.co/iGPYGlACEH,-0.5574,0.0,0.825,0.175
@nytimes,2018-03-20 15:19:35+00:00,"Meet Nemo and Mickey, the beagles who hunt bedbugs for NYC's Department of Housing Preservation and Development‚Ä¶ https://t.co/6pDggDt2Im",0.0,0.0,1.0,0.0
@nytimes,2018-03-20 15:12:05+00:00,"""I didn't even know what tuberculosis was,"" one woman said. ""Then my mother died and because nobody in my family ha‚Ä¶ https://t.co/H5y5h3iA74",-0.5574,0.0,0.854,0.146
@nytimes,2018-03-20 15:02:04+00:00,The Federal Trade Commission is investigating whether Facebook violated an agreement on data privacy https://t.co/WTUVDrck2a,-0.0516,0.163,0.663,0.173
@nytimes,2018-03-20 15:02:04+00:00,RT @UpshotNYT: What recent special elections can and can't tell us about prospects for Democrats in the 2018 midterms. https://t.co/IvyvHVo‚Ä¶,0.5994,0.214,0.786,0.0
@nytimes,2018-03-20 14:52:05+00:00,"New York is getting ready for yet another major snowstorm, just in time for the first day of spring https://t.co/zaiixeU3IV",0.3612,0.116,0.884,0.0
@nytimes,2018-03-20 14:42:03+00:00,"RT @NYTSports: ‚ÄúThis is the real March Madness.‚Äù 32 teams, seven days and one shared hotel. It's the @NAIA tournament. https://t.co/jmeABGb‚Ä¶",0.34,0.107,0.893,0.0
@nytimes,2018-03-20 14:40:08+00:00,"Your daily @DealBook Briefing: 

‚Ä¢ Facebook had a terrible day.

‚Ä¢ So did Uber.

‚Ä¢ Leaders at the G-20 summit are s‚Ä¶ https://t.co/pA9s2WtIhM",-0.4767,0.0,0.853,0.147
@nytimes,2018-03-20 14:33:17+00:00,"3 people were injured in a high school shooting in Great Mills, Maryland https://t.co/KhSQHiGmvW",0.34,0.244,0.595,0.161
@nytimes,2018-03-20 14:32:06+00:00,Nigerian officials had been warned that Boko Haram militants were approaching before 110 schoolgirls were kidnapped‚Ä¶ https://t.co/3EzNLJixMI,-0.2732,0.0,0.884,0.116
@nytimes,2018-03-20 14:22:02+00:00,Facebook‚Äôs open platform for apps helped it grow. But it has become a privacy nightmare. https://t.co/00Y2uFFUH3,0.0,0.0,1.0,0.0
@nytimes,2018-03-20 14:10:31+00:00,"In Opinion¬†

The Editorial Board writes: Lawmakers and regulators need to force Facebook to quickly identify and al‚Ä¶ https://t.co/Tyw2AIc5K2",0.0,0.0,1.0,0.0
